suburb_name,suburb_slug,suburb_id,median_price_nzd,for_sale,sold_last_12m
Remuera,remuera,1962,-,148,-
Flat Bush,flat-bush,69,-,320,-
Epsom,epsom,1142,-,98,-
Browns Bay,browns-bay,2336,-,57,-
Auckland Central,auckland-central,3095,-,519,-
Rangitikei Surrounds,rangitikei-surrounds,3730,507500,-,-
Rangitikei Surrounds,wainuioru,4234,507500,-,-
Rangitikei Surrounds,tuatapere,3901,507500,-,-
Rangitikei Surrounds,tomarata,1300,507500,-,-
Rangitikei Surrounds,whangaehu-valley,2518,507500,-,-
Rangitikei Surrounds,oakleigh,4320,507500,-,-
Rangitikei Surrounds,lake-hayes-estate,4257,507500,-,-
Rangitikei Surrounds,mangaweka,3118,507500,-,-
Rangitikei Surrounds,lake-alice,2266,507500,-,-
Rangitikei Surrounds,koitiata,282,507500,-,-
Rangitikei Surrounds,waikaia,4346,507500,-,-
Rangitikei Surrounds,waianiwa,4326,507500,-,-
Rangitikei Surrounds,middleton,692,507500,-,-
Rangitikei Surrounds,panguru,10277,507500,-,-
Rangitikei Surrounds,tinui,4230,507500,-,-
Rangitikei Surrounds,oakura-coast,3761,507500,-,-
Rangitikei Surrounds,parewanui,1740,507500,-,-
Rangitikei Surrounds,tahekeroa,10276,507500,-,-
Rangitikei Surrounds,te-whiti,80,507500,-,-
Rangitikei Surrounds,te-anau-surrounds,3892,507500,-,-
Remuera,remuera,1962,-,148,-
Flat Bush,flat-bush,69,-,320,-
Epsom,epsom,1142,-,98,-
Browns Bay,browns-bay,2336,-,57,-
Auckland Central,auckland-central,3095,-,519,-
Wyndham Surrounds,wyndham-surrounds,3753,560000,7,1
Wyndham Surrounds,koitiata,282,560000,7,1
Wyndham Surrounds,wyndham,4348,560000,7,1
Wyndham Surrounds,wharehine,1542,560000,7,1
Wyndham Surrounds,makarora,4296,560000,7,1
Wyndham Surrounds,mangaweka,3118,560000,7,1
Wyndham Surrounds,lake-hayes-estate,4257,560000,7,1
Wyndham Surrounds,wainuioru,4234,560000,7,1
Wyndham Surrounds,whangaparaoa,4250,560000,7,1
Wyndham Surrounds,hedgehope,4373,560000,7,1
Wyndham Surrounds,cape-palliser,4224,560000,7,1
Wyndham Surrounds,hinakura,1813,560000,7,1
Wyndham Surrounds,te-anau-surrounds,3892,560000,7,1
Wyndham Surrounds,tuatapere,3901,560000,7,1
Wyndham Surrounds,tomarata,1300,560000,7,1
Wyndham Surrounds,middleton,692,560000,7,1
Wyndham Surrounds,norsewood,1287,560000,7,1
Wyndham Surrounds,turakina,1014,560000,7,1
Wyndham Surrounds,whangaehu-valley,2518,560000,7,1
Wyndham Surrounds,tanners-point,10278,560000,7,1
Remuera,remuera,1962,-,148,-
Flat Bush,flat-bush,69,-,320,-
Epsom,epsom,1142,-,98,-
Browns Bay,browns-bay,2336,-,57,-
Auckland Central,auckland-central,3095,-,519,-
Pongaroa,pongaroa,4223,220000,8,1
Pongaroa,woodville,4222,220000,8,1
Pongaroa,kapiti-coast-surrounds,3768,220000,8,1
Pongaroa,coromandel-coast,3692,220000,8,1
Pongaroa,okara,3785,220000,8,1
Pongaroa,mangaweka,3118,220000,8,1
Pongaroa,ratana,1934,220000,8,1
Pongaroa,wyndham-surrounds,3753,220000,8,1
Pongaroa,hinakura,1813,220000,8,1
Pongaroa,cape-palliser,4224,220000,8,1
Pongaroa,tomarata,1300,220000,8,1
Pongaroa,tahekeroa,10276,220000,8,1
Pongaroa,whangaparaoa,4250,220000,8,1
Pongaroa,wayby-valley,2997,220000,8,1
Pongaroa,taihape-and-surrounds,4055,220000,8,1
Pongaroa,ferndale,636,220000,8,1
Pongaroa,wainuioru,4234,220000,8,1
Pongaroa,egmont-village,4016,220000,8,1
Pongaroa,woodlands,156,220000,8,1
Pongaroa,oakleigh,4320,220000,8,1
Remuera,remuera,1962,-,148,-
Flat Bush,flat-bush,69,-,320,-
Epsom,epsom,1142,-,98,-
Browns Bay,browns-bay,2336,-,57,-
Auckland Central,auckland-central,3095,-,519,-
Cornwallis,cornwallis,457,984122,1,1
Cornwallis,ratana,1934,984122,1,1
Cornwallis,pahiatua,4220,984122,1,1
Cornwallis,marybank,1380,984122,1,1
Cornwallis,koitiata,282,984122,1,1
Cornwallis,wyndham,4348,984122,1,1
Cornwallis,makarora,4296,984122,1,1
Cornwallis,hot-water-beach,2798,984122,1,1
Cornwallis,tanners-point,10278,984122,1,1
Cornwallis,tora,4351,984122,1,1
Cornwallis,tuturumuri,2552,984122,1,1
Cornwallis,hikutaia,1177,984122,1,1
Cornwallis,lake-ferry,4307,984122,1,1
Cornwallis,kaimarama,2651,984122,1,1
Cornwallis,oakleigh,4320,984122,1,1
Cornwallis,newton,4297,984122,1,1
Cornwallis,fitzroy,2329,984122,1,1
Cornwallis,whananaki,2832,984122,1,1
Cornwallis,hinakura,1813,984122,1,1
Cornwallis,lepperton,4015,984122,1,1
Remuera,remuera,1962,-,148,-
Flat Bush,flat-bush,69,-,320,-
Epsom,epsom,1142,-,98,-
Browns Bay,browns-bay,2336,-,57,-
Auckland Central,auckland-central,3095,-,519,-
Mokau,mokau,1657,267500,4,1
Mokau,waikaia,4346,267500,4,1
Mokau,matatoki,1349,267500,4,1
Mokau,marybank,1380,267500,4,1
Mokau,putiki,4057,267500,4,1
Mokau,tahekeroa,10276,267500,4,1
Mokau,brunswick,4060,267500,4,1
Mokau,east-coast-surrounds,3695,267500,4,1
Mokau,rangitikei-surrounds,3730,267500,4,1
Mokau,pongaroa,4223,267500,4,1
Mokau,puriri,2189,267500,4,1
Mokau,karekare,3064,267500,4,1
Mokau,whangaparaoa,4250,267500,4,1
Mokau,woodhill-forest,347,267500,4,1
Mokau,whangarei-area,4276,267500,4,1
Mokau,koitiata,282,267500,4,1
Mokau,hedgehope,4373,267500,4,1
Mokau,tinui,4230,267500,4,1
Mokau,mangorei,4352,267500,4,1
Mokau,whangarei-central,1852,267500,4,1
Remuera,remuera,1962,-,148,-
Flat Bush,flat-bush,69,-,320,-
Epsom,epsom,1142,-,98,-
Browns Bay,browns-bay,2336,-,57,-
Auckland Central,auckland-central,3095,-,519,-
Te Anau Surrounds,te-anau-surrounds,3892,700000,1,1
Te Anau Surrounds,tanners-point,10278,700000,1,1
Te Anau Surrounds,kaimarama,2651,700000,1,1
Te Anau Surrounds,thames-surrounds,3760,700000,1,1
Te Anau Surrounds,turakina,1014,700000,1,1
Te Anau Surrounds,oakleigh,4320,700000,1,1
Te Anau Surrounds,puriri,2189,700000,1,1
Te Anau Surrounds,opito-bay,555,700000,1,1
Te Anau Surrounds,tahekeroa,10276,700000,1,1
Te Anau Surrounds,pongaroa,4223,700000,1,1
Te Anau Surrounds,matatoki,1349,700000,1,1
Te Anau Surrounds,mokau,1657,700000,1,1
Te Anau Surrounds,woodlands,156,700000,1,1
Te Anau Surrounds,mangorei,4352,700000,1,1
Te Anau Surrounds,tuateawa,3859,700000,1,1
Te Anau Surrounds,woodhill-forest,347,700000,1,1
Te Anau Surrounds,bastia-hill,1877,700000,1,1
Te Anau Surrounds,mangamahu,1277,700000,1,1
Te Anau Surrounds,lake-alice,2266,700000,1,1
Te Anau Surrounds,hot-water-beach,2798,700000,1,1
Remuera,remuera,1962,-,148,-
Flat Bush,flat-bush,69,-,320,-
Epsom,epsom,1142,-,98,-
Browns Bay,browns-bay,2336,-,57,-
Auckland Central,auckland-central,3095,-,519,-
Tarata,tarata,4014,305000,-,-
Tarata,whangarei-surrounds,3762,305000,-,-
Tarata,marybank,1380,305000,-,-
Tarata,bastia-hill,1877,305000,-,-
Tarata,lake-alice,2266,305000,-,-
Tarata,wayby-valley,2997,305000,-,-
Tarata,waikaia,4346,305000,-,-
Tarata,omata,2441,305000,-,-
Tarata,fitzroy,2329,305000,-,-
Tarata,new-plymouth-area-surrounds,3719,305000,-,-
Tarata,kaikoura-surrounds,3705,305000,-,-
Tarata,parewanui,1740,305000,-,-
Tarata,uruti,4005,305000,-,-
Tarata,tarurutangi,3131,305000,-,-
Tarata,woodhill-forest,347,305000,-,-
Tarata,hikuai,3857,305000,-,-
Tarata,thames-surrounds,3760,305000,-,-
Tarata,karekare,3064,305000,-,-
Tarata,ferndale,636,305000,-,-
Tarata,westmere,2407,305000,-,-
Remuera,remuera,1962,-,148,-
Flat Bush,flat-bush,69,-,320,-
Epsom,epsom,1142,-,98,-
Browns Bay,browns-bay,2336,-,57,-
Auckland Central,auckland-central,3095,-,519,-
Gracefield,gracefield,121,571000,1,1
Gracefield,papatowaipounawea,3911,571000,1,1
Gracefield,whangaehu,3034,571000,1,1
Gracefield,lake-hayes-estate,4257,571000,1,1
Gracefield,hutt-valley-surrounds,4246,571000,1,1
Gracefield,kaitoke,1611,571000,1,1
Gracefield,oaro,4200,571000,1,1
Gracefield,korito,4353,571000,1,1
Gracefield,onaero,4368,571000,1,1
Gracefield,awatere-valley,1586,571000,1,1
Gracefield,tanners-point,10278,571000,1,1
Gracefield,middleton,692,571000,1,1
Gracefield,catlins-surrounds,3687,571000,1,1
Gracefield,hurunui-surrounds,3702,571000,1,1
Gracefield,cornwallis,457,571000,1,1
Gracefield,lake-alice,2266,571000,1,1
Gracefield,turakina,1014,571000,1,1
Gracefield,awapuni,3998,571000,1,1
Gracefield,hahei,1824,571000,1,1
Gracefield,pahiatua,4220,571000,1,1
Remuera,remuera,1962,-,148,-
Flat Bush,flat-bush,69,-,320,-
Epsom,epsom,1142,-,98,-
Browns Bay,browns-bay,2336,-,57,-
Auckland Central,auckland-central,3095,-,519,-
Eltham,eltham,4024,460000,7,1
Eltham,turakina,1014,460000,7,1
Eltham,clarence,4197,460000,7,1
Eltham,whangarei-central,1852,460000,7,1
Eltham,wyndham,4348,460000,7,1
Eltham,whangateau,161,460000,7,1
Eltham,wayby-valley,2997,460000,7,1
Eltham,brunswick,4060,460000,7,1
Eltham,whenuakite,2405,460000,7,1
Eltham,whangaehu,3034,460000,7,1
Eltham,okoki,1138,460000,7,1
Eltham,koitiata,282,460000,7,1
Eltham,macdonald-downs,1959,460000,7,1
Eltham,ferndale,636,460000,7,1
Eltham,cape-palliser,4224,460000,7,1
Eltham,tuturumuri,2552,460000,7,1
Eltham,chaslands,3207,460000,7,1
Eltham,woodlands,156,460000,7,1
Eltham,te-kouma,3860,460000,7,1
Eltham,coromandel-coast,3692,460000,7,1
Remuera,remuera,1962,-,148,-
Flat Bush,flat-bush,69,-,320,-
Epsom,epsom,1142,-,98,-
Browns Bay,browns-bay,2336,-,57,-
Auckland Central,auckland-central,3095,-,519,-
Whangarei Surrounds,whangarei-surrounds,3762,-,1,1
Whangarei Surrounds,hahei,1824,-,1,1
Whangarei Surrounds,clyde-hill,2624,-,1,1
Whangarei Surrounds,waitotara,4020,-,1,1
Whangarei Surrounds,virginia,1162,-,1,1
Whangarei Surrounds,whakatete-bay,404,-,1,1
Whangarei Surrounds,hundalee,4139,-,1,1
Whangarei Surrounds,pirinoa,4228,-,1,1
Whangarei Surrounds,te-whiti,80,-,1,1
Whangarei Surrounds,opito-bay,555,-,1,1
Whangarei Surrounds,woodville,4222,-,1,1
Whangarei Surrounds,wanganui-surrounds,3745,-,1,1
Whangarei Surrounds,koitiata,282,-,1,1
Whangarei Surrounds,makarora,4296,-,1,1
Whangarei Surrounds,makaraka,1654,-,1,1
Whangarei Surrounds,okato,4011,-,1,1
Whangarei Surrounds,motumahanga-saddleback,1585,-,1,1
Whangarei Surrounds,mokau,1657,-,1,1
Whangarei Surrounds,hikuai,3857,-,1,1
Whangarei Surrounds,port-underwood,4286,-,1,1
Remuera,remuera,1962,-,148,-
Flat Bush,flat-bush,69,-,320,-
Epsom,epsom,1142,-,98,-
Browns Bay,browns-bay,2336,-,57,-
Auckland Central,auckland-central,3095,-,519,-
Matemateaonga,matemateaonga,4029,-,-,-
Matemateaonga,whangapoua,3863,-,-,-
Matemateaonga,cornwallis,457,-,-,-
Matemateaonga,new-plymouth-city-surrounds,3758,-,-,-
Matemateaonga,ratana,1934,-,-,-
Matemateaonga,matahiwi,4061,-,-,-
Matemateaonga,whangaehu,3034,-,-,-
Matemateaonga,turakina,1014,-,-,-
Matemateaonga,waitete-bay,4280,-,-,-
Matemateaonga,blackhead,2325,-,-,-
Matemateaonga,hapuku,4199,-,-,-
Matemateaonga,aramoana,2576,-,-,-
Matemateaonga,mangamahu,1277,-,-,-
Matemateaonga,mana,1313,-,-,-
Matemateaonga,tarata,4014,-,-,-
Matemateaonga,midhirst,4003,-,-,-
Matemateaonga,tapu,49,-,-,-
Matemateaonga,kenepuru-sound,3708,-,-,-
Matemateaonga,thames-surrounds,3760,-,-,-
Matemateaonga,hicks-bay,3990,-,-,-
Remuera,remuera,1962,-,148,-
Flat Bush,flat-bush,69,-,320,-
Epsom,epsom,1142,-,98,-
Browns Bay,browns-bay,2336,-,57,-
Auckland Central,auckland-central,3095,-,519,-
Seaview,seaview,890,1050000,-,-
Seaview,okoia,2970,1050000,-,-
Seaview,mangorei,4352,1050000,-,-
Seaview,hundalee,4139,1050000,-,-
Seaview,stag-and-spey,234,1050000,-,-
Seaview,hicks-bay,3990,1050000,-,-
Seaview,east-coast-surrounds,3695,1050000,-,-
Seaview,panguru,10277,1050000,-,-
Seaview,ratana,1934,1050000,-,-
Seaview,brunswick,4060,1050000,-,-
Seaview,tennyson-inlet,257,1050000,-,-
Seaview,kai-iwi,4058,1050000,-,-
Seaview,rangitikei-surrounds,3730,1050000,-,-
Seaview,whakatete-bay,404,1050000,-,-
Seaview,spring-creek,2058,1050000,-,-
Seaview,pouawa,1532,1050000,-,-
Seaview,oakleigh,4320,1050000,-,-
Seaview,opoutere,1422,1050000,-,-
Seaview,whangaehu,3034,1050000,-,-
Seaview,mangamahu,1277,1050000,-,-
Remuera,remuera,1962,-,148,-
Flat Bush,flat-bush,69,-,320,-
Epsom,epsom,1142,-,98,-
Browns Bay,browns-bay,2336,-,57,-
Auckland Central,auckland-central,3095,-,519,-
Lake Alice,lake-alice,2266,760000,1,-
Lake Alice,port-underwood,4286,760000,1,-
Lake Alice,patutahi,511,760000,1,-
Lake Alice,okiwi-bay,3795,760000,1,-
Lake Alice,parewanui,1740,760000,1,-
Lake Alice,manutuke,1263,760000,1,-
Lake Alice,marfell,887,760000,1,-
Lake Alice,tomarata,1300,760000,1,-
Lake Alice,omaka,3277,760000,1,-
Lake Alice,south-otago-coastal,3776,760000,1,-
Lake Alice,tora,4351,760000,1,-
Lake Alice,chaslands,3207,760000,1,-
Lake Alice,tiraumea,177,760000,1,-
Lake Alice,wayby-valley,2997,760000,1,-
Lake Alice,kaka-point,3909,760000,1,-
Lake Alice,whangaparaoa,4250,760000,1,-
Lake Alice,tongaporutu,4004,760000,1,-
Lake Alice,whangateau,161,760000,1,-
Lake Alice,wharehine,1542,760000,1,-
Lake Alice,woodhill-forest,347,760000,1,-
Remuera,remuera,1962,-,148,-
Flat Bush,flat-bush,69,-,320,-
Epsom,epsom,1142,-,98,-
Browns Bay,browns-bay,2336,-,57,-
Auckland Central,auckland-central,3095,-,519,-
Central Hutt,central-hutt,3690,-,9,-
Central Hutt,mourea,1394,-,9,-
Central Hutt,opoutere,1422,-,9,-
Central Hutt,craigs-flat,2522,-,9,-
Central Hutt,kenepuru-sound,3708,-,9,-
Central Hutt,midhirst,4003,-,9,-
Central Hutt,waikawa,3798,-,9,-
Central Hutt,omaka,3277,-,9,-
Central Hutt,cornwallis,457,-,9,-
Central Hutt,lake-pearson,3195,-,9,-
Central Hutt,kensington,1677,-,9,-
Central Hutt,east-otago,3696,-,9,-
Central Hutt,stephens-island-takapourewa,2276,-,9,-
Central Hutt,henley,3914,-,9,-
Central Hutt,elsthorpe,3971,-,9,-
Central Hutt,pohokura-and-surrounds,4002,-,9,-
Central Hutt,uruti,4005,-,9,-
Central Hutt,karekare,3064,-,9,-
Central Hutt,wyndham-surrounds,3753,-,9,-
Central Hutt,elsdon,618,-,9,-
Remuera,remuera,1962,-,148,-
Flat Bush,flat-bush,69,-,320,-
Epsom,epsom,1142,-,98,-
Browns Bay,browns-bay,2336,-,57,-
Auckland Central,auckland-central,3095,-,519,-
Weedons,weedons,4300,-,1,1
Weedons,nelson-surrounds,3718,-,1,1
Weedons,waipaoa,4358,-,1,1
Weedons,west-otago-surrounds,3746,-,1,1
Weedons,wainuioru,4234,-,1,1
Weedons,central-hawkes-bay-country,3689,-,1,1
Weedons,hutt-valley-surrounds,4246,-,1,1
Weedons,koitiata,282,-,1,1
Weedons,craigieburn,4132,-,1,1
Weedons,whangaehu-valley,2518,-,1,1
Weedons,central-hawkes-bay-coastal,3688,-,1,1
Weedons,matawai,3994,-,1,1
Weedons,spring-creek,2058,-,1,1
Weedons,patea,4021,-,1,1
Weedons,ratana,1934,-,1,1
Weedons,tanners-point,10278,-,1,1
Weedons,pahiatua,4220,-,1,1
Weedons,lake-alice,2266,-,1,1
Weedons,hamilton-surrounds,3700,-,1,1
Weedons,opotiki-surrounds,3723,-,1,1
Remuera,remuera,1962,-,148,-
Flat Bush,flat-bush,69,-,320,-
Epsom,epsom,1142,-,98,-
Browns Bay,browns-bay,2336,-,57,-
Auckland Central,auckland-central,3095,-,519,-
Port Charles,port-charles,851,475000,1,1
Port Charles,awatere-valley,1586,475000,1,1
Port Charles,okaiawa,4028,475000,1,1
Port Charles,normanby,4239,475000,1,1
Port Charles,lake-alice,2266,475000,1,1
Port Charles,okoki,1138,475000,1,1
Port Charles,mahau-sound,1013,475000,1,1
Port Charles,matokitoki,16,475000,1,1
Port Charles,the-brook,2009,475000,1,1
Port Charles,brunswick,4060,475000,1,1
Port Charles,tarurutangi,3131,475000,1,1
Port Charles,wanaka-surrounds,3744,475000,1,1
Port Charles,parikino,4059,475000,1,1
Port Charles,tiniroto,2368,475000,1,1
Port Charles,woodville,4222,475000,1,1
Port Charles,lake-areas,3759,475000,1,1
Port Charles,lake-okareka,1744,475000,1,1
Port Charles,lake-rotoehu,4324,475000,1,1
Port Charles,lake-rotoiti,4323,475000,1,1
Port Charles,okiwi-bay,3795,475000,1,1
Remuera,remuera,1962,-,148,-
Flat Bush,flat-bush,69,-,320,-
Epsom,epsom,1142,-,98,-
Browns Bay,browns-bay,2336,-,57,-
Auckland Central,auckland-central,3095,-,519,-
Malvern Hills,malvern-hills,2967,300000,-,-
Malvern Hills,pencarrow-head,4103,300000,-,-
Malvern Hills,clarence,4197,300000,-,-
Malvern Hills,port-nelson,3191,300000,-,-
Malvern Hills,mourea,1394,300000,-,-
Malvern Hills,hillsborough,4009,300000,-,-
Malvern Hills,ngapuna,1140,300000,-,-
Malvern Hills,dartmoor,1373,300000,-,-
Malvern Hills,woodbourne,547,300000,-,-
Malvern Hills,pongaroa,4223,300000,-,-
Malvern Hills,new-plymouth-coastal,3720,300000,-,-
Malvern Hills,pohokura-and-surrounds,4002,300000,-,-
Malvern Hills,manutuke,1263,300000,-,-
Malvern Hills,grovetown,2935,300000,-,-
Malvern Hills,mount-cargill,2843,300000,-,-
Malvern Hills,marlborough-country,3712,300000,-,-
Malvern Hills,rotorua-surrounds,3733,300000,-,-
Malvern Hills,mokau,1657,300000,-,-
Malvern Hills,craigs-flat,2522,300000,-,-
Malvern Hills,opunake,4025,300000,-,-
Remuera,remuera,1962,-,148,-
Flat Bush,flat-bush,69,-,320,-
Epsom,epsom,1142,-,98,-
Browns Bay,browns-bay,2336,-,57,-
Auckland Central,auckland-central,3095,-,519,-
Stag And Spey,stag-and-spey,234,-,-,-
Stag And Spey,gracefield,121,-,-,-
Stag And Spey,whangamoa,2137,-,-,-
Stag And Spey,new-plymouth-coastal,3720,-,-,-
Stag And Spey,longlands,3104,-,-,-
Stag And Spey,awatere-valley,1586,-,-,-
Stag And Spey,te-araroa,2054,-,-,-
Stag And Spey,cable-bay,86,-,-,-
Stag And Spey,puriri,2189,-,-,-
Stag And Spey,ongaonga,3983,-,-,-
Stag And Spey,highcliff,172,-,-,-
Stag And Spey,kuripapango,1354,-,-,-
Stag And Spey,waipaoa,4358,-,-,-
Stag And Spey,motutapere-island,671,-,-,-
Stag And Spey,muriwai,3996,-,-,-
Stag And Spey,matapihi,3066,-,-,-
Stag And Spey,weedons,4300,-,-,-
Stag And Spey,burnside,829,-,-,-
Stag And Spey,virginia,1162,-,-,-
Stag And Spey,ohauiti,4283,-,-,-
Remuera,remuera,1962,-,148,-
Flat Bush,flat-bush,69,-,320,-
Epsom,epsom,1142,-,98,-
Browns Bay,browns-bay,2336,-,57,-
Auckland Central,auckland-central,3095,-,519,-
Ohauiti,ohauiti,4283,-,1,2
Ohauiti,oropi,4282,-,1,2
Ohauiti,karangahake,637,-,1,2
Ohauiti,turakina,1014,-,1,2
Ohauiti,poukawa,3981,-,1,2
Ohauiti,patutahi,511,-,1,2
Ohauiti,pyes-pa,4281,-,1,2
Ohauiti,woodbourne,547,-,1,2
Ohauiti,coromandel-coast,3692,-,1,2
Ohauiti,tauranga-surrounds,3741,-,1,2
Ohauiti,central-hawkes-bay-country,3689,-,1,2
Ohauiti,greenfield,4204,-,1,2
Ohauiti,washington-valley,508,-,1,2
Ohauiti,mount-grand,1236,-,1,2
Ohauiti,oakura-coast,3761,-,1,2
Ohauiti,manutuke,1263,-,1,2
Ohauiti,matakana-island,4251,-,1,2
Ohauiti,rimutaka-hill,797,-,1,2
Ohauiti,egmont-village,4016,-,1,2
Ohauiti,puriri,2189,-,1,2
Remuera,remuera,1962,-,148,-
Flat Bush,flat-bush,69,-,320,-
Epsom,epsom,1142,-,98,-
Browns Bay,browns-bay,2336,-,57,-
Auckland Central,auckland-central,3095,-,519,-
Fitzroy,fitzroy,2329,1300000,5,1
Fitzroy,pahoia,4299,1300000,5,1
Fitzroy,uruti,4005,1300000,5,1
Fitzroy,korito,4353,1300000,5,1
Fitzroy,glentui,4118,1300000,5,1
Fitzroy,mangaorapa,2369,1300000,5,1
Fitzroy,ohariu,2652,1300000,5,1
Fitzroy,macdonald-downs,1959,1300000,5,1
Fitzroy,craigieburn,4132,1300000,5,1
Fitzroy,western-bop-surrounds,3960,1300000,5,1
Fitzroy,hutt-valley-surrounds,4246,1300000,5,1
Fitzroy,timaru-surrounds,3765,1300000,5,1
Fitzroy,mangaweka,3118,1300000,5,1
Fitzroy,kaitoke,1611,1300000,5,1
Fitzroy,matahi,1383,1300000,5,1
Fitzroy,whenuakite,2405,1300000,5,1
Fitzroy,east-otago,3696,1300000,5,1
Fitzroy,horokiwi,3048,1300000,5,1
Fitzroy,smithfield,1154,1300000,5,1
Fitzroy,moonshine-valley,2621,1300000,5,1
Remuera,remuera,1962,-,148,-
Flat Bush,flat-bush,69,-,320,-
Epsom,epsom,1142,-,98,-
Browns Bay,browns-bay,2336,-,57,-
Auckland Central,auckland-central,3095,-,519,-
Glenduan,glenduan,2085,1042000,1,1
Glenduan,okara,3785,1042000,1,1
Glenduan,atapo,788,1042000,1,1
Glenduan,ohariu,2652,1042000,1,1
Glenduan,waipawa,2132,1042000,1,1
Glenduan,waikaia,4346,1042000,1,1
Glenduan,horokiwi,3048,1042000,1,1
Glenduan,putiki,4057,1042000,1,1
Glenduan,ward,965,1042000,1,1
Glenduan,mahina-bay,4101,1042000,1,1
Glenduan,parewanui,1740,1042000,1,1
Glenduan,north-otago,3721,1042000,1,1
Glenduan,papatowaipounawea,3911,1042000,1,1
Glenduan,whakatete-bay,404,1042000,1,1
Glenduan,enfield-and-surrounds,3939,1042000,1,1
Glenduan,rapaura,3804,1042000,1,1
Glenduan,ngatapa,3995,1042000,1,1
Glenduan,tanners-point,10278,1042000,1,1
Glenduan,turangaomoana,2250,1042000,1,1
Glenduan,port-nelson,3191,1042000,1,1
Remuera,remuera,1962,-,148,-
Flat Bush,flat-bush,69,-,320,-
Epsom,epsom,1142,-,98,-
Browns Bay,browns-bay,2336,-,57,-
Auckland Central,auckland-central,3095,-,519,-
Parikino,parikino,4059,635000,4,-
Parikino,oakura-coast,3761,635000,4,-
Parikino,delaware-bay,2447,635000,4,-
Parikino,okaiawa,4028,635000,4,-
Parikino,wakapuaka,2799,635000,4,-
Parikino,karangahake,637,635000,4,-
Parikino,whangarei-surrounds,3762,635000,4,-
Parikino,bastia-hill,1877,635000,4,-
Parikino,kuripapango,1354,635000,4,-
Parikino,tahora,4001,635000,4,-
Parikino,clyde-hill,2624,635000,4,-
Parikino,douglas,4000,635000,4,-
Parikino,spring-creek,2058,635000,4,-
Parikino,woodbourne,547,635000,4,-
Parikino,whakatu,2303,635000,4,-
Parikino,omahu,1099,635000,4,-
Parikino,ohangai,839,635000,4,-
Parikino,waverley,1811,635000,4,-
Parikino,manaia,4026,635000,4,-
Parikino,onaero,4368,635000,4,-
Remuera,remuera,1962,-,148,-
Flat Bush,flat-bush,69,-,320,-
Epsom,epsom,1142,-,98,-
Browns Bay,browns-bay,2336,-,57,-
Auckland Central,auckland-central,3095,-,519,-
Port Underwood,port-underwood,4286,570000,1,1
Port Underwood,catlins-surrounds,3687,570000,1,1
Port Underwood,douglas,4000,570000,1,1
Port Underwood,waverley,1811,570000,1,1
Port Underwood,grovetown,2935,570000,1,1
Port Underwood,gisborne-coastal,3767,570000,1,1
Port Underwood,longlands,3104,570000,1,1
Port Underwood,matapouri-bay,10279,570000,1,1
Port Underwood,whangarei-area,4276,570000,1,1
Port Underwood,stag-and-spey,234,570000,1,1
Port Underwood,stratford,3999,570000,1,1
Port Underwood,kohukohu,56,570000,1,1
Port Underwood,springvale,2702,570000,1,1
Port Underwood,central-hawkes-bay-coastal,3688,570000,1,1
Port Underwood,tuturumuri,2552,570000,1,1
Port Underwood,hastings-country,3701,570000,1,1
Port Underwood,napier-port,388,570000,1,1
Port Underwood,lepperton,4015,570000,1,1
Port Underwood,pohokura-and-surrounds,4002,570000,1,1
Port Underwood,nelson-bays-coastal,3716,570000,1,1
Remuera,remuera,1962,-,148,-
Flat Bush,flat-bush,69,-,320,-
Epsom,epsom,1142,-,98,-
Browns Bay,browns-bay,2336,-,57,-
Auckland Central,auckland-central,3095,-,519,-
Midhirst,midhirst,4003,207000,1,1
Midhirst,woodville,4222,207000,1,1
Midhirst,pandora,35,207000,1,1
Midhirst,kaikohe-west,3835,207000,1,1
Midhirst,blackhead,2325,207000,1,1
Midhirst,waiwhare,2317,207000,1,1
Midhirst,national-park,4034,207000,1,1
Midhirst,okato,4011,207000,1,1
Midhirst,pukeuri,594,207000,1,1
Midhirst,oakura,4012,207000,1,1
Midhirst,atapo,788,207000,1,1
Midhirst,marfell,887,207000,1,1
Midhirst,waipatu,3286,207000,1,1
Midhirst,spring-creek,2058,207000,1,1
Midhirst,port-nelson,3191,207000,1,1
Midhirst,central-hawkes-bay-coastal,3688,207000,1,1
Midhirst,tuatapere,3901,207000,1,1
Midhirst,omahu,1099,207000,1,1
Midhirst,hikuai,3857,207000,1,1
Midhirst,hokianga-surrounds,4249,207000,1,1
Remuera,remuera,1962,-,148,-
Flat Bush,flat-bush,69,-,320,-
Epsom,epsom,1142,-,98,-
Browns Bay,browns-bay,2336,-,57,-
Auckland Central,auckland-central,3095,-,519,-
Atapo,atapo,788,-,-,-
Atapo,new-caledonia,3309,-,-,-
Atapo,buller-surrounds,3772,-,-,-
Atapo,okoia,2970,-,-,-
Atapo,golden-downs,2736,-,-,-
Atapo,reefton,4208,-,-,-
Atapo,waipukurau-and-surrounds,3973,-,-,-
Atapo,moana,2380,-,-,-
Atapo,east-otago,3696,-,-,-
Atapo,fernhill,26,-,-,-
Atapo,waimangaroa,831,-,-,-
Atapo,stephens-island-takapourewa,2276,-,-,-
Atapo,whangara,4291,-,-,-
Atapo,north-otago-surrounds,3722,-,-,-
Atapo,middleton,692,-,-,-
Atapo,manutuke,1263,-,-,-
Atapo,kaihere,3851,-,-,-
Atapo,maromaku,2671,-,-,-
Atapo,maitai,604,-,-,-
Atapo,hokianga-surrounds,4249,-,-,-
Remuera,remuera,1962,-,148,-
Flat Bush,flat-bush,69,-,320,-
Epsom,epsom,1142,-,98,-
Browns Bay,browns-bay,2336,-,57,-
Auckland Central,auckland-central,3095,-,519,-
Waipukurau and Surrounds,waipukurau-and-surrounds,3973,490000,59,1
Waipukurau and Surrounds,stag-and-spey,234,490000,59,1
Waipukurau and Surrounds,rai-valley,3803,490000,59,1
Waipukurau and Surrounds,buller-surrounds,3772,490000,59,1
Waipukurau and Surrounds,greenfield,4204,490000,59,1
Waipukurau and Surrounds,waitangi,840,490000,59,1
Waipukurau and Surrounds,marybank,1380,490000,59,1
Waipukurau and Surrounds,britannia-heights,1821,490000,59,1
Waipukurau and Surrounds,thorpe,1737,490000,59,1
Waipukurau and Surrounds,deborah,4206,490000,59,1
Waipukurau and Surrounds,anakiwa-and-surrounds,3796,490000,59,1
Waipukurau and Surrounds,central-hutt,3690,490000,59,1
Waipukurau and Surrounds,koitiata,282,490000,59,1
Waipukurau and Surrounds,abel-tasman,4178,490000,59,1
Waipukurau and Surrounds,hira,3793,490000,59,1
Waipukurau and Surrounds,washington-valley,508,490000,59,1
Waipukurau and Surrounds,dovedale,981,490000,59,1
Waipukurau and Surrounds,kenepuru-sound,3708,490000,59,1
Waipukurau and Surrounds,matawhero,4333,490000,59,1
Waipukurau and Surrounds,queen-charlotte-sound,3794,490000,59,1
Remuera,remuera,1962,-,148,-
Flat Bush,flat-bush,69,-,320,-
Epsom,epsom,1142,-,98,-
Browns Bay,browns-bay,2336,-,57,-
Auckland Central,auckland-central,3095,-,519,-
Raetihi,raetihi,4033,240000,15,1
Raetihi,careys-bay,2529,240000,15,1
Raetihi,lake-hayes-estate,4257,240000,15,1
Raetihi,paihia-surrounds,4243,240000,15,1
Raetihi,mahau-sound,1013,240000,15,1
Raetihi,lower-moutere,4295,240000,15,1
Raetihi,hampden,1773,240000,15,1
Raetihi,pencarrow-head,4103,240000,15,1
Raetihi,upper-waitati,3022,240000,15,1
Raetihi,waikawau,910,240000,15,1
Raetihi,ohaeawai,1136,240000,15,1
Raetihi,totara,1316,240000,15,1
Raetihi,hohonu,2535,240000,15,1
Raetihi,roseneath,1753,240000,15,1
Raetihi,blackball,917,240000,15,1
Raetihi,hampton-downs,2914,240000,15,1
Raetihi,fiji,3312,240000,15,1
Raetihi,monaco,1847,240000,15,1
Raetihi,pitt-island,1072,240000,15,1
Raetihi,manutahi,4022,240000,15,1
Remuera,remuera,1962,-,148,-
Flat Bush,flat-bush,69,-,320,-
Epsom,epsom,1142,-,98,-
Browns Bay,browns-bay,2336,-,57,-
Auckland Central,auckland-central,3095,-,519,-
New Caledonia,new-caledonia,3309,-,-,-
New Caledonia,hundalee,4139,-,-,-
New Caledonia,hurunui,1466,-,-,-
New Caledonia,hurunui-surrounds,3702,-,-,-
New Caledonia,mount-cargill,2843,-,-,-
New Caledonia,leslie-hills,1370,-,-,-
New Caledonia,karangahake,637,-,-,-
New Caledonia,maheno,3937,-,-,-
New Caledonia,macdonald-downs,1959,-,-,-
New Caledonia,waikaka,371,-,-,-
New Caledonia,pyramid-valley,93,-,-,-
New Caledonia,west-otago-surrounds,3746,-,-,-
New Caledonia,scargill,1655,-,-,-
New Caledonia,virginia,1162,-,-,-
New Caledonia,tahora,4001,-,-,-
New Caledonia,central-hutt,3690,-,-,-
New Caledonia,waianiwa,4326,-,-,-
New Caledonia,tora,4351,-,-,-
New Caledonia,north-otago,3721,-,-,-
New Caledonia,whangara,4291,-,-,-
Remuera,remuera,1962,-,148,-
Flat Bush,flat-bush,69,-,320,-
Epsom,epsom,1142,-,98,-
Browns Bay,browns-bay,2336,-,57,-
Auckland Central,auckland-central,3095,-,519,-
Mackenzie Surrounds,mackenzie-surrounds,3775,-,-,-
Mackenzie Surrounds,mount-cook,3715,-,-,-
Mackenzie Surrounds,waitangi,2088,-,-,-
Mackenzie Surrounds,tuatapere,3901,-,-,-
Mackenzie Surrounds,hillsborough,4009,-,-,-
Mackenzie Surrounds,ngauranga,1964,-,-,-
Mackenzie Surrounds,craigieburn,4132,-,-,-
Mackenzie Surrounds,aniseed-valley,1278,-,-,-
Mackenzie Surrounds,pukeuri,594,-,-,-
Mackenzie Surrounds,kawakawa-surrounds,3707,-,-,-
Mackenzie Surrounds,chaslands,3207,-,-,-
Mackenzie Surrounds,careys-bay,2529,-,-,-
Mackenzie Surrounds,manawatu-surrounds,3782,-,-,-
Mackenzie Surrounds,kaihere,3851,-,-,-
Mackenzie Surrounds,lake-pearson,3195,-,-,-
Mackenzie Surrounds,lansdowne,789,-,-,-
Mackenzie Surrounds,stephens-island-takapourewa,2276,-,-,-
Mackenzie Surrounds,tokomaru,65,-,-,-
Mackenzie Surrounds,malvern-hills,2967,-,-,-
Mackenzie Surrounds,kotemaori,3970,-,-,-
Remuera,remuera,1962,-,148,-
Flat Bush,flat-bush,69,-,320,-
Epsom,epsom,1142,-,98,-
Browns Bay,browns-bay,2336,-,57,-
Auckland Central,auckland-central,3095,-,519,-
Gisborne Country,gisborne-country,3697,-,-,-
Gisborne Country,anakiwa-and-surrounds,3796,-,-,-
Gisborne Country,selwyn-surrounds,3780,-,-,-
Gisborne Country,westwood,1685,-,-,-
Gisborne Country,henley,3914,-,-,-
Gisborne Country,gracefield,121,-,-,-
Gisborne Country,rangiwahia,815,-,-,-
Gisborne Country,waitahuna,4203,-,-,-
Gisborne Country,tanners-point,10278,-,-,-
Gisborne Country,weedons,4300,-,-,-
Gisborne Country,tiniroto,2368,-,-,-
Gisborne Country,windwhistle,41,-,-,-
Gisborne Country,clandeboye,2886,-,-,-
Gisborne Country,kai-iwi,4058,-,-,-
Gisborne Country,ocean-grove,793,-,-,-
Gisborne Country,todds-valley,2370,-,-,-
Gisborne Country,clyde-hill,2624,-,-,-
Gisborne Country,hokio-beach,4374,-,-,-
Gisborne Country,hyde,3928,-,-,-
Gisborne Country,greymouth,284,-,-,-
Remuera,remuera,1962,-,148,-
Flat Bush,flat-bush,69,-,320,-
Epsom,epsom,1142,-,98,-
Browns Bay,browns-bay,2336,-,57,-
Auckland Central,auckland-central,3095,-,519,-
Delaware Bay,delaware-bay,2447,1750000,-,-
Delaware Bay,wyndham,4348,1750000,-,-
Delaware Bay,nine-mile,1335,1750000,-,-
Delaware Bay,opunake,4025,1750000,-,-
Delaware Bay,aria,373,1750000,-,-
Delaware Bay,eltham,4024,1750000,-,-
Delaware Bay,egmont-village,4016,1750000,-,-
Delaware Bay,redruth,1760,1750000,-,-
Delaware Bay,rimutaka-hill,797,1750000,-,-
Delaware Bay,mangorei,4352,1750000,-,-
Delaware Bay,smithfield,1154,1750000,-,-
Delaware Bay,okarito,4266,1750000,-,-
Delaware Bay,atarau,456,1750000,-,-
Delaware Bay,timaru-surrounds,3765,1750000,-,-
Delaware Bay,new-caledonia,3309,1750000,-,-
Delaware Bay,chatham-island,3223,1750000,-,-
Delaware Bay,ryal-bush,442,1750000,-,-
Delaware Bay,karamea,4210,1750000,-,-
Delaware Bay,cape-palliser,4224,1750000,-,-
Delaware Bay,mount-grand,1236,1750000,-,-
Remuera,remuera,1962,-,148,-
Flat Bush,flat-bush,69,-,320,-
Epsom,epsom,1142,-,98,-
Browns Bay,browns-bay,2336,-,57,-
Auckland Central,auckland-central,3095,-,519,-
Atapo,atapo,788,-,-,-
Atapo,north-taieri,2562,-,-,-
Atapo,woolwich,377,-,-,-
Atapo,glentui,4118,-,-,-
Atapo,kaikohe-surrounds,3704,-,-,-
Atapo,karamu,1484,-,-,-
Atapo,ophir,4315,-,-,-
Atapo,buller-surrounds,3772,-,-,-
Atapo,waitangi,2088,-,-,-
Atapo,glenduan,2085,-,-,-
Atapo,ohangai,839,-,-,-
Atapo,brunswick,4060,-,-,-
Atapo,matatoki,1349,-,-,-
Atapo,uruti,4005,-,-,-
Atapo,nelson-country,3717,-,-,-
Atapo,waiomio,2840,-,-,-
Atapo,hillsborough,4009,-,-,-
Atapo,waimakariri-surrounds,3773,-,-,-
Atapo,ngawha-springs,1951,-,-,-
Atapo,nine-mile,1335,-,-,-
Remuera,remuera,1962,-,148,-
Flat Bush,flat-bush,69,-,320,-
Epsom,epsom,1142,-,98,-
Browns Bay,browns-bay,2336,-,57,-
Auckland Central,auckland-central,3095,-,519,-
Elephant Hill,elephant-hill,1913,475000,-,-
Elephant Hill,whangaehu-valley,2518,475000,-,-
Elephant Hill,carterton-surrounds,3686,475000,-,-
Elephant Hill,hohonu,2535,475000,-,-
Elephant Hill,hunter,1321,475000,-,-
Elephant Hill,hunters-hills,2907,475000,-,-
Elephant Hill,ikawai,1009,475000,-,-
Elephant Hill,kirkliston,1946,475000,-,-
Elephant Hill,waimangaroa,831,475000,-,-
Elephant Hill,new-plymouth-coastal,3720,475000,-,-
Elephant Hill,morven,741,475000,-,-
Elephant Hill,ocean-grove,793,475000,-,-
Elephant Hill,south-taranaki-surrounds,3738,475000,-,-
Elephant Hill,st-andrews,3739,475000,-,-
Elephant Hill,waihao-downs,1772,475000,-,-
Elephant Hill,waihaorunga,2300,475000,-,-
Elephant Hill,turangaomoana,2250,475000,-,-
Elephant Hill,waimate-surrounds,3742,475000,-,-
Elephant Hill,waitangi,840,475000,-,-
Elephant Hill,kakahi,1391,475000,-,-
Remuera,remuera,1962,-,148,-
Flat Bush,flat-bush,69,-,320,-
Epsom,epsom,1142,-,98,-
Browns Bay,browns-bay,2336,-,57,-
Auckland Central,auckland-central,3095,-,519,-
Manunui,manunui,4038,350000,9,1
Manunui,national-park,4034,350000,9,1
Manunui,ohakune,4032,350000,9,1
Manunui,ohura,4035,350000,9,1
Manunui,owhango,4039,350000,9,1
Manunui,raetihi,4033,350000,9,1
Manunui,ruapehu-king-country-surrounds,3734,350000,9,1
Manunui,taumarunui,4036,350000,9,1
Manunui,tongariro,4030,350000,9,1
Manunui,waimiha-ongarue,4037,350000,9,1
Manunui,waiouru,4031,350000,9,1
Manunui,twyford,3261,350000,9,1
Manunui,broadlands-forest,4354,350000,9,1
Manunui,hatepe,4355,350000,9,1
Manunui,mangamuka,3831,350000,9,1
Manunui,iwitahi,4046,350000,9,1
Manunui,maraekakaho,3982,350000,9,1
Manunui,punakitere-valley,3264,350000,9,1
Manunui,lake-taupo,4277,350000,9,1
Manunui,oakura-coast,3761,350000,9,1
Remuera,remuera,1962,-,148,-
Flat Bush,flat-bush,69,-,320,-
Epsom,epsom,1142,-,98,-
Browns Bay,browns-bay,2336,-,57,-
Auckland Central,auckland-central,3095,-,519,-
Awarua,awarua,3881,193500,4,11
Awarua,dannevirke,4219,193500,4,11
Awarua,murupara,4337,193500,4,11
Awarua,purakaunui-inlet,3918,193500,4,11
Awarua,lewis-pass,4143,193500,4,11
Awarua,elgin,4163,193500,4,11
Awarua,eketahuna,4221,193500,4,11
Awarua,shannon,2604,193500,4,11
Awarua,sanson,970,193500,4,11
Awarua,stockton,2894,193500,4,11
Awarua,portland,4319,193500,4,11
Awarua,mataura,27,193500,4,11
Awarua,waiau,4142,193500,4,11
Awarua,hector,4212,193500,4,11
Awarua,hakataramea-valley,4111,193500,4,11
Awarua,rawene,3830,193500,4,11
Awarua,clinton-and-surrounds,3913,193500,4,11
Awarua,benneydale,4081,193500,4,11
Awarua,oparau,4068,193500,4,11
Awarua,moerewa,1891,193500,4,11
Remuera,remuera,1962,-,148,-
Flat Bush,flat-bush,69,-,320,-
Epsom,epsom,1142,-,98,-
Browns Bay,browns-bay,2336,-,57,-
Auckland Central,auckland-central,3095,-,519,-
Moerewa,moerewa,1891,300000,1,8
Moerewa,taneatua,1953,300000,1,8
Moerewa,westport-surrounds,3749,300000,1,8
Moerewa,waikouaiti,3917,300000,1,8
Moerewa,kaitangata,3908,300000,1,8
Moerewa,gonville,287,300000,1,8
Moerewa,winchester,2163,300000,1,8
Moerewa,lake-rotoma,1060,300000,1,8
Moerewa,makikihi,1367,300000,1,8
Moerewa,fordlands,1456,300000,1,8
Moerewa,lake-coleridge,451,300000,1,8
Moerewa,colac-bay,4370,300000,1,8
Moerewa,ohinemutu,1649,300000,1,8
Moerewa,appleby,557,300000,1,8
Moerewa,sawyers-bay,2438,300000,1,8
Moerewa,opononi,3829,300000,1,8
Moerewa,bluff,3880,300000,1,8
Moerewa,waihau-bay,3943,300000,1,8
Moerewa,grafton,2411,300000,1,8
Moerewa,kaikohe,237,300000,1,8
Remuera,remuera,1962,-,148,-
Flat Bush,flat-bush,69,-,320,-
Epsom,epsom,1142,-,98,-
Browns Bay,browns-bay,2336,-,57,-
Auckland Central,auckland-central,3095,-,519,-
Lumsden,lumsden,4343,365000,11,5
Lumsden,kew,1879,365000,11,5
Lumsden,georgetown,1192,365000,11,5
Lumsden,castlecliff,2568,365000,11,5
Lumsden,otangarei,1803,365000,11,5
Lumsden,karikari-peninsula,3832,365000,11,5
Lumsden,camberley,197,365000,11,5
Lumsden,pareora,4147,365000,11,5
Lumsden,milton,3907,365000,11,5
Lumsden,marokopa,4082,365000,11,5
Lumsden,clifton,3884,365000,11,5
Lumsden,tapanui,4202,365000,11,5
Lumsden,south-dunedin,184,365000,11,5
Lumsden,tolaga-bay,3993,365000,11,5
Lumsden,taipa,1518,365000,11,5
Lumsden,westport,1666,365000,11,5
Lumsden,otautau,3898,365000,11,5
Lumsden,naseby,4187,365000,11,5
Lumsden,the-glen,1109,365000,11,5
Lumsden,turangi,4040,365000,11,5
Remuera,remuera,1962,-,148,-
Flat Bush,flat-bush,69,-,320,-
Epsom,epsom,1142,-,98,-
Browns Bay,browns-bay,2336,-,57,-
Auckland Central,auckland-central,3095,-,519,-
Foxton,foxton,162,385250,31,18
Foxton,balclutha,3910,385250,31,18
Foxton,kawakawa,3833,385250,31,18
Foxton,awakino,4077,385250,31,18
Foxton,awanui,3826,385250,31,18
Foxton,ruawai,469,385250,31,18
Foxton,wellington-central,1164,385250,31,18
Foxton,cheviot,4135,385250,31,18
Foxton,tokoroa,4070,385250,31,18
Foxton,te-kuiti,4079,385250,31,18
Foxton,tawhero,1952,385250,31,18
Foxton,wanganui-east,188,385250,31,18
Foxton,kaitaia,2847,385250,31,18
Foxton,kawerau,3942,385250,31,18
Foxton,herekino,3828,385250,31,18
Foxton,ettrick,4195,385250,31,18
Foxton,tangimoana,1214,385250,31,18
Foxton,omapere,3834,385250,31,18
Foxton,aramoho,3081,385250,31,18
Remuera,remuera,1962,-,148,-
Flat Bush,flat-bush,69,-,320,-
Epsom,epsom,1142,-,98,-
Browns Bay,browns-bay,2336,-,57,-
Auckland Central,auckland-central,3095,-,519,-
Kurow,kurow,3932,408500,7,3
Kurow,heidelberg,2867,408500,7,3
Kurow,mangakino,4050,408500,7,3
Kurow,strathern,2209,408500,7,3
Kurow,ranfurly,4189,408500,7,3
Kurow,marton,4054,408500,7,3
Kurow,kingswell,1191,408500,7,3
Kurow,palmerston,3935,408500,7,3
Kurow,glenavy,1990,408500,7,3
Kurow,gore,3877,408500,7,3
Kurow,kawau-island,2877,408500,7,3
Kurow,hokitika,3873,408500,7,3
Kurow,waikari,2079,408500,7,3
Kurow,mangonui-surrounds,4274,408500,7,3
Kurow,arthurs-pass,4127,408500,7,3
Kurow,waitarere-beach,1237,408500,7,3
Kurow,mesopotamia,4148,408500,7,3
Kurow,culverden,4136,408500,7,3
Kurow,rockdale,646,408500,7,3
Kurow,forbury,247,408500,7,3
Remuera,remuera,1962,-,148,-
Flat Bush,flat-bush,69,-,320,-
Epsom,epsom,1142,-,98,-
Browns Bay,browns-bay,2336,-,57,-
Auckland Central,auckland-central,3095,-,519,-
Karitane,karitane,255,435000,5,4
Karitane,mamaku,2788,435000,5,4
Karitane,waitakaruru,518,435000,5,4
Karitane,pukenui,4332,435000,5,4
Karitane,parkside,2865,435000,5,4
Karitane,taharoa,1780,435000,5,4
Karitane,rakaia,4158,435000,5,4
Karitane,caversham,1726,435000,5,4
Karitane,owaka,3912,435000,5,4
Karitane,koutu,1555,435000,5,4
Karitane,motunau,4141,435000,5,4
Karitane,castle-hill,784,435000,5,4
Karitane,waimate,3123,435000,5,4
Karitane,wanganui-central,216,435000,5,4
Karitane,newfield,809,435000,5,4
Karitane,albury,2288,435000,5,4
Karitane,te-kopuru,1697,435000,5,4
Karitane,glengarry,3247,435000,5,4
Karitane,hampstead,1471,435000,5,4
Karitane,meremere,525,435000,5,4
Remuera,remuera,1962,-,148,-
Flat Bush,flat-bush,69,-,320,-
Epsom,epsom,1142,-,98,-
Browns Bay,browns-bay,2336,-,57,-
Auckland Central,auckland-central,3095,-,519,-
Mangonui,mangonui,3824,459000,16,8
Mangonui,lawrence,4201,459000,16,8
Mangonui,duntroon,3933,459000,16,8
Mangonui,tinopai,2732,459000,16,8
Mangonui,hawarden,4138,459000,16,8
Mangonui,seaview,2638,459000,16,8
Mangonui,otematata,3931,459000,16,8
Mangonui,the-pines-beach,4327,459000,16,8
Mangonui,western-heights,2765,459000,16,8
Mangonui,omarama,3929,459000,16,8
Mangonui,grasmere,1195,459000,16,8
Mangonui,kainga,1860,459000,16,8
Mangonui,maori-hill,1064,459000,16,8
Mangonui,raumanga,3234,459000,16,8
Mangonui,kensington,854,459000,16,8
Mangonui,saint-andrews,4110,459000,16,8
Mangonui,fairlie,4113,459000,16,8
Mangonui,maraenui,2823,459000,16,8
Mangonui,lyford,4311,459000,16,8
Mangonui,oamaru,3938,459000,16,8
Remuera,remuera,1962,-,148,-
Flat Bush,flat-bush,69,-,320,-
Epsom,epsom,1142,-,98,-
Browns Bay,browns-bay,2336,-,57,-
Auckland Central,auckland-central,3095,-,519,-
Mayfield,mayfield,3314,478000,3,4
Mayfield,west-end,2968,478000,3,4
Mayfield,islington,625,478000,3,4
Mayfield,hawera,4023,478000,3,4
Mayfield,halcombe,3301,478000,3,4
Mayfield,peria,1623,478000,3,4
Mayfield,timaru-central,4151,478000,3,4
Mayfield,paparoa,4263,478000,3,4
Mayfield,rotorua-central,1948,478000,3,4
Mayfield,dargaville,3846,478000,3,4
Mayfield,flaxmere,1782,478000,3,4
Mayfield,hawthorndale,3167,478000,3,4
Mayfield,kaeo,2052,478000,3,4
Mayfield,opotiki-and-surrounds,3946,478000,3,4
Mayfield,port-chalmers,1331,478000,3,4
Mayfield,waharoa,1381,478000,3,4
Mayfield,piopio,4078,478000,3,4
Mayfield,temuka,4153,478000,3,4
Mayfield,kaiti,4254,478000,3,4
Mayfield,kaingaroa,2087,478000,3,4
Remuera,remuera,1962,-,148,-
Flat Bush,flat-bush,69,-,320,-
Epsom,epsom,1142,-,98,-
Browns Bay,browns-bay,2336,-,57,-
Auckland Central,auckland-central,3095,-,519,-
Carters Beach,carters-beach,1648,495000,7,3
Carters Beach,mangatarata,1397,495000,7,3
Carters Beach,ravensbourne,1557,495000,7,3
Carters Beach,watlington,1904,495000,7,3
Carters Beach,saint-kilda,3923,495000,7,3
Carters Beach,greta-valley,4293,495000,7,3
Carters Beach,levin,4051,495000,7,3
Carters Beach,dargaville-surrounds,3694,495000,7,3
Carters Beach,phillipstown,785,495000,7,3
Carters Beach,marchwiel,2515,495000,7,3
Carters Beach,corstorphine,3257,495000,7,3
Carters Beach,outer-kaiti,1488,495000,7,3
Carters Beach,hargest,2547,495000,7,3
Carters Beach,riversdale,242,495000,7,3
Carters Beach,putaruru,4071,495000,7,3
Carters Beach,aranui,1709,495000,7,3
Carters Beach,leithfield,2127,495000,7,3
Carters Beach,balaclava,1470,495000,7,3
Carters Beach,rerewhakaaitu,3965,495000,7,3
Carters Beach,calton-hill,454,495000,7,3
Remuera,remuera,1962,-,148,-
Flat Bush,flat-bush,69,-,320,-
Epsom,epsom,1142,-,98,-
Browns Bay,browns-bay,2336,-,57,-
Auckland Central,auckland-central,3095,-,519,-
Calton Hill,calton-hill,454,510000,3,13
Calton Hill,rerewhakaaitu,3965,510000,3,13
Calton Hill,mayfield,4155,510000,3,13
Calton Hill,highbury,3000,510000,3,13
Calton Hill,victoria,3020,510000,3,13
Calton Hill,moturoa,4019,510000,3,13
Calton Hill,spotswood,2764,510000,3,13
Calton Hill,west-end,1906,510000,3,13
Calton Hill,taieri-mouth,3905,510000,3,13
Calton Hill,green-island,1052,510000,3,13
Calton Hill,kerepehi,4310,510000,3,13
Calton Hill,liberton,3093,510000,3,13
Calton Hill,linwood,2634,510000,3,13
Calton Hill,elgin,951,510000,3,13
Calton Hill,avonside,1578,510000,3,13
Calton Hill,waimataitai,2165,510000,3,13
Calton Hill,roslyn,2048,510000,3,13
Calton Hill,washdyke,4149,510000,3,13
Calton Hill,manukau,1253,510000,3,13
Calton Hill,brockville,491,510000,3,13
Remuera,remuera,1962,-,148,-
Flat Bush,flat-bush,69,-,320,-
Epsom,epsom,1142,-,98,-
Browns Bay,browns-bay,2336,-,57,-
Auckland Central,auckland-central,3095,-,519,-
Waitoa,waitoa,4091,520000,1,9
Waitoa,brockville,491,520000,1,9
Waitoa,kawhia,3304,520000,1,9
Waitoa,huntly,4083,520000,1,9
Waitoa,sheffield,3169,520000,1,9
Waitoa,mornington,2197,520000,1,9
Waitoa,hikurangi,2649,520000,1,9
Waitoa,selwyn-heights,2414,520000,1,9
Waitoa,pleasant-point,4154,520000,1,9
Waitoa,dalmore,64,520000,1,9
Waitoa,mangakakahi,1124,520000,1,9
Waitoa,tinwald,2662,520000,1,9
Waitoa,rotherham,1240,520000,1,9
Waitoa,seddon,3806,520000,1,9
Waitoa,waltham,1729,520000,1,9
Waitoa,bader,2772,520000,1,9
Waitoa,hakataramea,3147,520000,1,9
Waitoa,te-aro,183,520000,1,9
Waitoa,wallacetown,3900,520000,1,9
Waitoa,otorohanga,4066,520000,1,9
Remuera,remuera,1962,-,148,-
Flat Bush,flat-bush,69,-,320,-
Epsom,epsom,1142,-,98,-
Browns Bay,browns-bay,2336,-,57,-
Auckland Central,auckland-central,3095,-,519,-
Moera,moera,3160,533500,3,16
Moera,hinds,4159,533500,3,16
Moera,haywards,1750,533500,3,16
Moera,musselburgh,927,533500,3,16
Moera,bromley,936,533500,3,16
Moera,geraldine,4145,533500,3,16
Moera,mayfair,2478,533500,3,16
Moera,richmond,824,533500,3,16
Moera,morningside,1078,533500,3,16
Moera,omakau,4188,533500,3,16
Moera,turnbull-thomson-park,3297,533500,3,16
Moera,glen-massey,1268,533500,3,16
Moera,netherby,221,533500,3,16
Moera,wainoni,3240,533500,3,16
Moera,hororata,3143,533500,3,16
Moera,atiamuri,1360,533500,3,16
Moera,windsor,780,533500,3,16
Moera,whitiora,2046,533500,3,16
Moera,westbrook,1521,533500,3,16
Moera,tainui,648,533500,3,16
Remuera,remuera,1962,-,148,-
Flat Bush,flat-bush,69,-,320,-
Epsom,epsom,1142,-,98,-
Browns Bay,browns-bay,2336,-,57,-
Auckland Central,auckland-central,3095,-,519,-
Hillcrest,hillcrest,862,549000,6,15
Hillcrest,concord,1765,549000,6,15
Hillcrest,takaro,412,549000,6,15
Hillcrest,fairy-springs,2593,549000,6,15
Hillcrest,lynmouth,1993,549000,6,15
Hillcrest,charteris-bay,1183,549000,6,15
Hillcrest,new-brighton,1661,549000,6,15
Hillcrest,southbridge,295,549000,6,15
Hillcrest,roxburgh,4190,549000,6,15
Hillcrest,glenorchy,3808,549000,6,15
Hillcrest,blenheim-central,1812,549000,6,15
Hillcrest,te-hapara,712,549000,6,15
Hillcrest,winton,4347,549000,6,15
Hillcrest,kew,1890,549000,6,15
Hillcrest,orere-point,1728,549000,6,15
Hillcrest,fenton-park,1786,549000,6,15
Hillcrest,opotiki-coastal,3944,549000,6,15
Hillcrest,saint-johns-hill,2387,549000,6,15
Hillcrest,ocean-view,976,549000,6,15
Hillcrest,highfield,1498,549000,6,15
Remuera,remuera,1962,-,148,-
Flat Bush,flat-bush,69,-,320,-
Epsom,epsom,1142,-,98,-
Browns Bay,browns-bay,2336,-,57,-
Auckland Central,auckland-central,3095,-,519,-
Glenwood,glenwood,822,557250,9,40
Glenwood,langs-beach,1037,557250,9,40
Glenwood,rangiriri,2828,557250,9,40
Glenwood,masterton,4229,557250,9,40
Glenwood,broadlands,2311,557250,9,40
Glenwood,balcairn,818,557250,9,40
Glenwood,glentunnel,665,557250,9,40
Glenwood,maryhill,2859,557250,9,40
Glenwood,paeroa,3850,557250,9,40
Glenwood,northcote,1047,557250,9,40
Glenwood,solway,1389,557250,9,40
Glenwood,allenton,1083,557250,9,40
Glenwood,mount-somers,4157,557250,9,40
Glenwood,akina,3163,557250,9,40
Glenwood,hastings,1893,557250,9,40
Glenwood,woolston,3192,557250,9,40
Glenwood,plimmerton,479,557250,9,40
Glenwood,avenal,1882,557250,9,40
Glenwood,gladstone,2358,557250,9,40
Glenwood,bradford,754,557250,9,40
Remuera,remuera,1962,-,148,-
Flat Bush,flat-bush,69,-,320,-
Epsom,epsom,1142,-,98,-
Browns Bay,browns-bay,2336,-,57,-
Auckland Central,auckland-central,3095,-,519,-
Owhata,owhata,2556,570000,35,132
Owhata,edgeware,2818,570000,35,132
Owhata,coromandel,3854,570000,35,132
Owhata,ashhurst,269,570000,35,132
Owhata,sydenham,872,570000,35,132
Owhata,kensington,170,570000,35,132
Owhata,okaihau,4265,570000,35,132
Owhata,avenues,1530,570000,35,132
Owhata,port-waikato,3891,570000,35,132
Owhata,edgecumbe,3002,570000,35,132
Owhata,coopers-beach,774,570000,35,132
Owhata,marewa,1790,570000,35,132
Owhata,taita,1520,570000,35,132
Owhata,little-river,4124,570000,35,132
Owhata,utuhina,2544,570000,35,132
Owhata,hornby,4168,570000,35,132
Owhata,enderley,678,570000,35,132
Owhata,invercargill,3883,570000,35,132
Owhata,waitangirua,2723,570000,35,132
Owhata,onerahi,3783,570000,35,132
Remuera,remuera,1962,-,148,-
Flat Bush,flat-bush,69,-,320,-
Epsom,epsom,1142,-,98,-
Browns Bay,browns-bay,2336,-,57,-
Auckland Central,auckland-central,3095,-,519,-
Hei Hei,hei-hei,3029,585000,5,99
Hei Hei,waihi,330,585000,5,99
Hei Hei,onerahi,3783,585000,5,99
Hei Hei,maungati,1209,585000,5,99
Hei Hei,longburn,2287,585000,5,99
Hei Hei,methven,4156,585000,5,99
Hei Hei,port-levy,2611,585000,5,99
Hei Hei,horahora,1475,585000,5,99
Hei Hei,otaio,343,585000,5,99
Hei Hei,waiomu,3862,585000,5,99
Hei Hei,milson,946,585000,5,99
Hei Hei,richmond,2803,585000,5,99
Hei Hei,otaki-beach,2168,585000,5,99
Hei Hei,riverton,4344,585000,5,99
Hei Hei,dallington,3049,585000,5,99
Hei Hei,kenmure,2240,585000,5,99
Hei Hei,addington,2710,585000,5,99
Hei Hei,kaikorai,674,585000,5,99
Hei Hei,frankton,2602,585000,5,99
Hei Hei,waimatua,3882,585000,5,99
Remuera,remuera,1962,-,148,-
Flat Bush,flat-bush,69,-,320,-
Epsom,epsom,1142,-,98,-
Browns Bay,browns-bay,2336,-,57,-
Auckland Central,auckland-central,3095,-,519,-
Christchurch Central,christchurch-central,846,595000,83,401
Christchurch Central,cloverlea,816,595000,83,401
Christchurch Central,twizel,4114,595000,83,401
Christchurch Central,islington,78,595000,83,401
Christchurch Central,cannons-creek,2412,595000,83,401
Christchurch Central,te-aroha,4089,595000,83,401
Christchurch Central,naenae,2856,595000,83,401
Christchurch Central,north-new-brighton,574,595000,83,401
Christchurch Central,omori,849,595000,83,401
Christchurch Central,college-estate,782,595000,83,401
Christchurch Central,tikipunga,841,595000,83,401
Christchurch Central,rotoma,2807,595000,83,401
Christchurch Central,maungaturoto,1079,595000,83,401
Christchurch Central,south-new-brighton,1761,595000,83,401
Christchurch Central,abbotsford,991,595000,83,401
Christchurch Central,lake-hawea,3710,595000,83,401
Christchurch Central,riverdale,1886,595000,83,401
Christchurch Central,wakari,704,595000,83,401
Christchurch Central,birchville,336,595000,83,401
Christchurch Central,blagdon,498,595000,83,401
Remuera,remuera,1962,-,148,-
Flat Bush,flat-bush,69,-,320,-
Epsom,epsom,1142,-,98,-
Browns Bay,browns-bay,2336,-,57,-
Auckland Central,auckland-central,3095,-,519,-
Blagdon,blagdon,498,601500,4,12
Blagdon,avondale,452,601500,4,12
Blagdon,mercer,1453,601500,4,12
Blagdon,waverley,837,601500,4,12
Blagdon,halfway-bush,580,601500,4,12
Blagdon,toi-toi,1995,601500,4,12
Blagdon,shirley,190,601500,4,12
Blagdon,terrace-end,1347,601500,4,12
Blagdon,waddington,1958,601500,4,12
Blagdon,kakanui,1293,601500,4,12
Blagdon,ahipara,1419,601500,4,12
Blagdon,vogeltown,4010,601500,4,12
Blagdon,allanton,3925,601500,4,12
Blagdon,normanby,3919,601500,4,12
Blagdon,shiel-hill,339,601500,4,12
Blagdon,palmerston-north-central,2631,601500,4,12
Blagdon,mairehau,304,601500,4,12
Blagdon,newmarket,617,601500,4,12
Blagdon,regent,3119,601500,4,12
Blagdon,inglewood,4013,601500,4,12
Remuera,remuera,1962,-,148,-
Flat Bush,flat-bush,69,-,320,-
Epsom,epsom,1142,-,98,-
Browns Bay,browns-bay,2336,-,57,-
Auckland Central,auckland-central,3095,-,519,-
Inglewood,inglewood,4013,615000,22,5
Inglewood,feilding,4062,615000,22,5
Inglewood,nawton,3026,615000,22,5
Inglewood,arapuni,4290,615000,22,5
Inglewood,wainuiomata,4104,615000,22,5
Inglewood,waitomo,4080,615000,22,5
Inglewood,tauhara,4045,615000,22,5
Inglewood,onekawa,2395,615000,22,5
Inglewood,awapuni,1861,615000,22,5
Inglewood,whakapara,3788,615000,22,5
Inglewood,whakapirau,2873,615000,22,5
Inglewood,ngongotaha,3961,615000,22,5
Inglewood,maupuia,2757,615000,22,5
Inglewood,dunedin-central,786,615000,22,5
Inglewood,waikiwi,700,615000,22,5
Inglewood,chertsey,4162,615000,22,5
Inglewood,bishopdale,2485,615000,22,5
Inglewood,bulls,4056,615000,22,5
Inglewood,kawaha-point,2687,615000,22,5
Inglewood,te-rapa,2639,615000,22,5
Remuera,remuera,1962,-,148,-
Flat Bush,flat-bush,69,-,320,-
Epsom,epsom,1142,-,98,-
Browns Bay,browns-bay,2336,-,57,-
Auckland Central,auckland-central,3095,-,519,-
Renwick,renwick,2804,628500,13,14
Renwick,merrilands,1902,628500,13,14
Renwick,rakino-island,240,628500,13,14
Renwick,port-whangarei,1865,628500,13,14
Renwick,riccarton,3126,628500,13,14
Renwick,sockburn,2097,628500,13,14
Renwick,havelock,3802,628500,13,14
Renwick,ngatimoti,4180,628500,13,14
Renwick,carterton,4238,628500,13,14
Renwick,corsair-bay,324,628500,13,14
Renwick,paihia,2849,628500,13,14
Renwick,parakai,462,628500,13,14
Renwick,dunsandel,4129,628500,13,14
Renwick,springlands,3800,628500,13,14
Renwick,mangapapa,2666,628500,13,14
Renwick,te-anau,4345,628500,13,14
Renwick,maoribank,1833,628500,13,14
Renwick,manukau-heads,1635,628500,13,14
Renwick,otaika,2616,628500,13,14
Renwick,featherston,4225,628500,13,14
Remuera,remuera,1962,-,148,-
Flat Bush,flat-bush,69,-,320,-
Epsom,epsom,1142,-,98,-
Browns Bay,browns-bay,2336,-,57,-
Auckland Central,auckland-central,3095,-,519,-
Otaika,otaika,2616,640000,4,4
Otaika,westown,2347,640000,4,4
Otaika,westbrook,84,640000,4,4
Otaika,gate-pa,1182,640000,4,4
Otaika,mt-cook,3062,640000,4,4
Otaika,penrose,2140,640000,4,4
Otaika,glenholme,932,640000,4,4
Otaika,gore-bay,4137,640000,4,4
Otaika,doyleston,708,640000,4,4
Otaika,linton,3822,640000,4,4
Otaika,papanui,2139,640000,4,4
Otaika,spreydon,964,640000,4,4
Otaika,whakatane,3949,640000,4,4
Otaika,new-plymouth-central,53,640000,4,4
Otaika,waikuku-beach,189,640000,4,4
Otaika,orini,948,640000,4,4
Otaika,stokes-valley,2259,640000,4,4
Otaika,upper-riccarton,281,640000,4,4
Otaika,helensburgh,744,640000,4,4
Otaika,springfield,4131,640000,4,4
Remuera,remuera,1962,-,148,-
Flat Bush,flat-bush,69,-,320,-
Epsom,epsom,1142,-,98,-
Browns Bay,browns-bay,2336,-,57,-
Auckland Central,auckland-central,3095,-,519,-
Helensburgh,helensburgh,744,650000,2,7
Helensburgh,broomfield,2482,650000,2,7
Helensburgh,springfield,4131,650000,2,7
Helensburgh,lake-taupo-west,4049,650000,2,7
Helensburgh,melville,1574,650000,2,7
Helensburgh,saint-leonards,1281,650000,2,7
Helensburgh,the-wood,3017,650000,2,7
Helensburgh,southshore,2328,650000,2,7
Helensburgh,deanwell,1924,650000,2,7
Helensburgh,oxford,4115,650000,2,7
Helensburgh,waikuku,2738,650000,2,7
Helensburgh,north-dunedin,3088,650000,2,7
Helensburgh,hoon-hay,3024,650000,2,7
Helensburgh,kopu,2835,650000,2,7
Helensburgh,matarangi,112,650000,2,7
Helensburgh,otaki,4098,650000,2,7
Helensburgh,russley,1118,650000,2,7
Helensburgh,hamilton-central,4092,650000,2,7
Helensburgh,waihou,4292,650000,2,7
Helensburgh,te-poi,1711,650000,2,7
Remuera,remuera,1962,-,148,-
Flat Bush,flat-bush,69,-,320,-
Epsom,epsom,1142,-,98,-
Browns Bay,browns-bay,2336,-,57,-
Auckland Central,auckland-central,3095,-,519,-
Cable Bay,cable-bay,399,658000,25,15
Cable Bay,burwood,2770,658000,25,15
Cable Bay,opawa,2348,658000,25,15
Cable Bay,melling,3246,658000,25,15
Cable Bay,lake-taupo-east,4048,658000,25,15
Cable Bay,thames,1645,658000,25,15
Cable Bay,pirimai,249,658000,25,15
Cable Bay,fairfield,2236,658000,25,15
Cable Bay,nelson-south,2091,658000,25,15
Cable Bay,upper-hutt,4100,658000,25,15
Cable Bay,redwoodtown,1478,658000,25,15
Cable Bay,opoho,740,658000,25,15
Cable Bay,opua,2376,658000,25,15
Cable Bay,reporoa-and-surrounds,3962,658000,25,15
Cable Bay,greerton,2789,658000,25,15
Cable Bay,darfield,4128,658000,25,15
Cable Bay,thorndon,4107,658000,25,15
Cable Bay,hillmorton,1660,658000,25,15
Cable Bay,belleknowes,1120,658000,25,15
Cable Bay,titahi-bay,2519,658000,25,15
Remuera,remuera,1962,-,148,-
Flat Bush,flat-bush,69,-,320,-
Epsom,epsom,1142,-,98,-
Browns Bay,browns-bay,2336,-,57,-
Auckland Central,auckland-central,3095,-,519,-
Okere Falls,okere-falls,292,667500,2,8
Okere Falls,makarewa,402,667500,2,8
Okere Falls,glenside,461,667500,2,8
Okere Falls,brooklands,2135,667500,2,8
Okere Falls,manawaru,1788,667500,2,8
Okere Falls,amberley,4134,667500,2,8
Okere Falls,himatangi,4063,667500,2,8
Okere Falls,marlborough-sounds,3713,667500,2,8
Okere Falls,ngatea,3852,667500,2,8
Okere Falls,kihikihi,2697,667500,2,8
Okere Falls,te-kaha,2706,667500,2,8
Okere Falls,point-howard,1978,667500,2,8
Okere Falls,templeton,2092,667500,2,8
Okere Falls,ranui-heights,2956,667500,2,8
Okere Falls,ascot-park,1092,667500,2,8
Okere Falls,matakohe,4264,667500,2,8
Okere Falls,harbour-view,250,667500,2,8
Okere Falls,whakarewarewa,3964,667500,2,8
Okere Falls,welbourn,1846,667500,2,8
Okere Falls,parkvale,2396,667500,2,8
Remuera,remuera,1962,-,148,-
Flat Bush,flat-bush,69,-,320,-
Epsom,epsom,1142,-,98,-
Browns Bay,browns-bay,2336,-,57,-
Auckland Central,auckland-central,3095,-,519,-
Parkvale,parkvale,2396,675000,13,19
Parkvale,raureka,137,675000,13,19
Parkvale,hamilton-east,1716,675000,13,19
Parkvale,pine-hill,293,675000,13,19
Parkvale,napier-south,4314,675000,13,19
Parkvale,taupo,4042,675000,13,19
Parkvale,parahaki,3786,675000,13,19
Parkvale,takapuwahia,3171,675000,13,19
Parkvale,ngaruawahia,806,675000,13,19
Parkvale,clendon-park,291,675000,13,19
Parkvale,totara-park,718,675000,13,19
Parkvale,andersons-bay,730,675000,13,19
Parkvale,clouston-park,139,675000,13,19
Parkvale,redwood,2103,675000,13,19
Parkvale,rangiora,4120,675000,13,19
Parkvale,durie-hill,2002,675000,13,19
Parkvale,lyttelton,1487,675000,13,19
Parkvale,weston,3940,675000,13,19
Parkvale,te-awamutu,4075,675000,13,19
Parkvale,whau-valley,1601,675000,13,19
Remuera,remuera,1962,-,148,-
Flat Bush,flat-bush,69,-,320,-
Epsom,epsom,1142,-,98,-
Browns Bay,browns-bay,2336,-,57,-
Auckland Central,auckland-central,3095,-,519,-
Timberlea,timberlea,2065,684500,6,24
Timberlea,rosedale,2465,684500,6,24
Timberlea,maeroa,1477,684500,6,24
Timberlea,otara,2136,684500,6,24
Timberlea,waiwera,3058,684500,6,24
Timberlea,motueka,4172,684500,6,24
Timberlea,tahunanui,3106,684500,6,24
Timberlea,waitara,4006,684500,6,24
Timberlea,judea,357,684500,6,24
Timberlea,bishopdale,1747,684500,6,24
Timberlea,awhitu,1642,684500,6,24
Timberlea,dinsdale,2162,684500,6,24
Timberlea,gleniti,3159,684500,6,24
Timberlea,stoke,2151,684500,6,24
Timberlea,kaiapoi,4119,684500,6,24
Timberlea,te-marua,787,684500,6,24
Timberlea,rongotea,54,684500,6,24
Timberlea,te-kauwhata,4086,684500,6,24
Timberlea,te-akau,4085,684500,6,24
Timberlea,leeston,3175,684500,6,24
Remuera,remuera,1962,-,148,-
Flat Bush,flat-bush,69,-,320,-
Epsom,epsom,1142,-,98,-
Browns Bay,browns-bay,2336,-,57,-
Auckland Central,auckland-central,3095,-,519,-
Leeston,leeston,3175,699000,22,106
Leeston,fairview-downs,3031,699000,22,106
Leeston,matamata,1849,699000,22,106
Leeston,frankleigh-park,4018,699000,22,106
Leeston,tuakau,458,699000,22,106
Leeston,avalon,1365,699000,22,106
Leeston,roslyn-bush,3888,699000,22,106
Leeston,kuratau,1306,699000,22,106
Leeston,gisborne,1751,699000,22,106
Leeston,kelvin-grove,2554,699000,22,106
Leeston,omanawa,10274,699000,22,106
Leeston,mosgiel,3926,699000,22,106
Leeston,tisbury,3885,699000,22,106
Leeston,holdens-bay,2022,699000,22,106
Leeston,ahuriri,1771,699000,22,106
Leeston,kingston,1738,699000,22,106
Leeston,lorneville,3889,699000,22,106
Leeston,pinehaven,2569,699000,22,106
Leeston,claudelands,691,699000,22,106
Leeston,elderslea,1352,699000,22,106
Remuera,remuera,1962,-,148,-
Flat Bush,flat-bush,69,-,320,-
Epsom,epsom,1142,-,98,-
Browns Bay,browns-bay,2336,-,57,-
Auckland Central,auckland-central,3095,-,519,-
Waverley,waverley,2812,705000,2,21
Waverley,elderslea,1352,705000,2,21
Waverley,woodend,4117,705000,2,21
Waverley,fairfield,1755,705000,2,21
Waverley,brooklands,4169,705000,2,21
Waverley,manurewa-east,2394,705000,2,21
Waverley,diamond-harbour,1807,705000,2,21
Waverley,glenleith,1777,705000,2,21
Waverley,waiwhetu,148,705000,2,21
Waverley,heathcote-valley,1262,705000,2,21
Waverley,morrinsville,4088,705000,2,21
Waverley,korokoro,1603,705000,2,21
Waverley,tamatea,4,705000,2,21
Waverley,waikawa-beach,4262,705000,2,21
Waverley,tiakitahuna,1106,705000,2,21
Waverley,kamo,3787,705000,2,21
Waverley,bell-block,4008,705000,2,21
Waverley,saint-martins,224,705000,2,21
Waverley,waipara,4140,705000,2,21
Remuera,remuera,1962,-,148,-
Flat Bush,flat-bush,69,-,320,-
Epsom,epsom,1142,-,98,-
Browns Bay,browns-bay,2336,-,57,-
Auckland Central,auckland-central,3095,-,519,-
Waipara,waipara,4140,715000,7,14
Waipara,mahora,2509,715000,7,14
Waipara,macandrew-bay,915,715000,7,14
Waipara,parklands,85,715000,7,14
Waipara,te-puke,3955,715000,7,14
Waipara,omiha,3294,715000,7,14
Waipara,belfast,2884,715000,7,14
Waipara,somerfield,1074,715000,7,14
Waipara,portobello,3921,715000,7,14
Waipara,ebdentown,2975,715000,7,14
Waipara,forest-lake,3129,715000,7,14
Waipara,onewhero,364,715000,7,14
Waipara,epuni,1235,715000,7,14
Waipara,katikati,3959,715000,7,14
Waipara,glenview,440,715000,7,14
Waipara,pukawa,4366,715000,7,14
Waipara,haumoana,296,715000,7,14
Waipara,hilltop,264,715000,7,14
Waipara,waerenga,2916,715000,7,14
Waipara,trentham,1097,715000,7,14
Remuera,remuera,1962,-,148,-
Flat Bush,flat-bush,69,-,320,-
Epsom,epsom,1142,-,98,-
Browns Bay,browns-bay,2336,-,57,-
Auckland Central,auckland-central,3095,-,519,-
Pukeatua,pukeatua,4329,727500,1,6
Pukeatua,trentham,1097,727500,1,6
Pukeatua,levels,4152,727500,1,6
Pukeatua,strandon,1489,727500,1,6
Pukeatua,eden-terrace,2971,727500,1,6
Pukeatua,great-barrier-island,1597,727500,1,6
Pukeatua,highlands-park,1701,727500,1,6
Pukeatua,hillcrest,3291,727500,1,6
Pukeatua,porirua-east,2833,727500,1,6
Pukeatua,bellevue,1630,727500,1,6
Pukeatua,duvauchelle,2587,727500,1,6
Pukeatua,red-hill,256,727500,1,6
Pukeatua,waimana,3951,727500,1,6
Pukeatua,hairini,1513,727500,1,6
Pukeatua,taradale,1241,727500,1,6
Pukeatua,randwick-park,763,727500,1,6
Pukeatua,inner-kaiti,1044,727500,1,6
Pukeatua,tasman,2331,727500,1,6
Pukeatua,maungakaramea,4318,727500,1,6
Pukeatua,alexandra,4184,727500,1,6
Remuera,remuera,1962,-,148,-
Flat Bush,flat-bush,69,-,320,-
Epsom,epsom,1142,-,98,-
Browns Bay,browns-bay,2336,-,57,-
Auckland Central,auckland-central,3095,-,519,-
Otatara,otatara,3879,745000,17,25
Otatara,bryndwr,1355,745000,17,25
Otatara,saint-andrews,3308,745000,17,25
Otatara,springfield,13,745000,17,25
Otatara,whataupoko,3168,745000,17,25
Otatara,motuoapa,4362,745000,17,25
Otatara,hillsborough,1348,745000,17,25
Otatara,mornington,3087,745000,17,25
Otatara,wallaceville,2650,745000,17,25
Otatara,manurewa,679,745000,17,25
Otatara,rolleston,2694,745000,17,25
Otatara,pegasus,1736,745000,17,25
Otatara,mangapai-and-surrounds,3790,745000,17,25
Otatara,saint-albans,532,745000,17,25
Otatara,manor-park,2217,745000,17,25
Otatara,papakura,2014,745000,17,25
Otatara,hamilton-lake,1705,745000,17,25
Otatara,hokowhitu,66,745000,17,25
Otatara,raumati-beach,1315,745000,17,25
Otatara,enner-glynn,2850,745000,17,25
Remuera,remuera,1962,-,148,-
Flat Bush,flat-bush,69,-,320,-
Epsom,epsom,1142,-,98,-
Browns Bay,browns-bay,2336,-,57,-
Auckland Central,auckland-central,3095,-,519,-
Waiuku,waiuku,3839,754500,106,242
Waiuku,blue-mountains,609,754500,106,242
Waiuku,waterloo,2086,754500,106,242
Waiuku,brookfield,2265,754500,106,242
Waiuku,bay-view,1438,754500,106,242
Waiuku,glenross,1956,754500,106,242
Waiuku,lichfield,2322,754500,106,242
Waiuku,broad-bay,2202,754500,106,242
Waiuku,fitzroy,3256,754500,106,242
Waiuku,witherlea,3799,754500,106,242
Waiuku,paraparaumu,4096,754500,106,242
Waiuku,brown-owl,1207,754500,106,242
Waiuku,kingston,1683,754500,106,242
Waiuku,greenmeadows,378,754500,106,242
Waiuku,kaiwaka,3848,754500,106,242
Waiuku,boulcott,804,754500,106,242
Waiuku,maramarua,4087,754500,106,242
Waiuku,waikino,984,754500,106,242
Waiuku,ngakuru,2791,754500,106,242
Waiuku,grenada-north,2948,754500,106,242
Remuera,remuera,1962,-,148,-
Flat Bush,flat-bush,69,-,320,-
Epsom,epsom,1142,-,98,-
Browns Bay,browns-bay,2336,-,57,-
Auckland Central,auckland-central,3095,-,519,-
Cracroft,cracroft,1259,770000,5,33
Cracroft,grenada-north,2948,770000,5,33
Cracroft,taupiri,1974,770000,5,33
Cracroft,wakefield,4177,770000,5,33
Cracroft,brightwater,4171,770000,5,33
Cracroft,ranui,903,770000,5,33
Cracroft,aro-valley,613,770000,5,33
Cracroft,roslyn,1929,770000,5,33
Cracroft,horotiu,383,770000,5,33
Cracroft,pukete,2670,770000,5,33
Cracroft,leamington,223,770000,5,33
Cracroft,robinsons-bay,1602,770000,5,33
Cracroft,richmond-hill,2083,770000,5,33
Cracroft,hanmer-springs,4133,770000,5,33
Cracroft,temple-view,848,770000,5,33
Cracroft,turua,3867,770000,5,33
Cracroft,kelston,2728,770000,5,33
Cracroft,houghton-bay,1570,770000,5,33
Cracroft,johnsonville,2170,770000,5,33
Cracroft,petone,2082,770000,5,33
Remuera,remuera,1962,-,148,-
Flat Bush,flat-bush,69,-,320,-
Epsom,epsom,1142,-,98,-
Browns Bay,browns-bay,2336,-,57,-
Auckland Central,auckland-central,3095,-,519,-
Temple View,temple-view,848,780000,3,25
Temple View,warrington,3916,780000,3,25
Temple View,huntingdon,630,780000,3,25
Temple View,kauri,2205,780000,3,25
Temple View,beckenham,2663,780000,3,25
Temple View,westgate,4322,780000,3,25
Temple View,richmond-heights,2727,780000,3,25
Temple View,avenues,3989,780000,3,25
Temple View,eiffelton,4166,780000,3,25
Temple View,fairview,4146,780000,3,25
Temple View,ruatangata,3735,780000,3,25
Temple View,weymouth,2780,780000,3,25
Temple View,tauranga-south,43,780000,3,25
Temple View,henderson,899,780000,3,25
Temple View,maungatapu,545,780000,3,25
Temple View,waikanae,4093,780000,3,25
Temple View,halswell,1427,780000,3,25
Temple View,broadmeadows,879,780000,3,25
Temple View,burnside,2497,780000,3,25
Temple View,winton-surrounds,3752,780000,3,25
Remuera,remuera,1962,-,148,-
Flat Bush,flat-bush,69,-,320,-
Epsom,epsom,1142,-,98,-
Browns Bay,browns-bay,2336,-,57,-
Auckland Central,auckland-central,3095,-,519,-
Yaldhurst,yaldhurst,4167,794750,5,58
Yaldhurst,heretaunga,953,794750,5,58
Yaldhurst,ashley,1219,794750,5,58
Yaldhurst,rotoiti-forest,3966,794750,5,58
Yaldhurst,winslow,4165,794750,5,58
Yaldhurst,napier-hill,3984,794750,5,58
Yaldhurst,kelson,2549,794750,5,58
Yaldhurst,maketu,2375,794750,5,58
Yaldhurst,paparangi,45,794750,5,58
Yaldhurst,tahuna,4090,794750,5,58
Yaldhurst,otahuhu,3836,794750,5,58
Yaldhurst,clover-park,1673,794750,5,58
Yaldhurst,newlands,4109,794750,5,58
Yaldhurst,richmond-downs,1221,794750,5,58
Yaldhurst,west-plains,1907,794750,5,58
Yaldhurst,alicetown,2296,794750,5,58
Yaldhurst,tawa,4108,794750,5,58
Yaldhurst,cardrona,3818,794750,5,58
Yaldhurst,fairton,4161,794750,5,58
Yaldhurst,avonhead,1111,794750,5,58
Remuera,remuera,1962,-,148,-
Flat Bush,flat-bush,69,-,320,-
Epsom,epsom,1142,-,98,-
Browns Bay,browns-bay,2336,-,57,-
Auckland Central,auckland-central,3095,-,519,-
Whitianga,whitianga,3858,802304,107,42
Whitianga,te-atatu-south,2928,802304,107,42
Whitianga,kiripaka,312,802304,107,42
Whitianga,mangere-east,2242,802304,107,42
Whitianga,miranda,1544,802304,107,42
Whitianga,favona,2360,802304,107,42
Whitianga,richmond,4183,802304,107,42
Whitianga,maungaraki,2829,802304,107,42
Whitianga,sunnyvale,2615,802304,107,42
Whitianga,haupiri,4214,802304,107,42
Whitianga,wilton,413,802304,107,42
Whitianga,tirohanga,1411,802304,107,42
Whitianga,pirongia,4072,802304,107,42
Whitianga,pukekohe,1329,802304,107,42
Whitianga,ramarama,1595,802304,107,42
Whitianga,wellsford,38,802304,107,42
Whitianga,kilbirnie,91,802304,107,42
Whitianga,clyde,4185,802304,107,42
Whitianga,welcome-bay,3953,802304,107,42
Whitianga,raumati-south,4095,802304,107,42
Remuera,remuera,1962,-,148,-
Flat Bush,flat-bush,69,-,320,-
Epsom,epsom,1142,-,98,-
Browns Bay,browns-bay,2336,-,57,-
Auckland Central,auckland-central,3095,-,519,-
Raumati South,raumati-south,4095,820000,20,71
Raumati South,owhiro-bay,3219,820000,20,71
Raumati South,porirua,1667,820000,20,71
Raumati South,opaheke,1647,820000,20,71
Raumati South,paraparaumu-beach,263,820000,20,71
Raumati South,rosehill,913,820000,20,71
Raumati South,tapapa,3109,820000,20,71
Raumati South,glen-eden,1607,820000,20,71
Raumati South,riverside,1791,820000,20,71
Raumati South,new-lynn,122,820000,20,71
Raumati South,strathmore-park,379,820000,20,71
Raumati South,manawahe,1102,820000,20,71
Raumati South,mangere,1004,820000,20,71
Raumati South,papatoetoe,2795,820000,20,71
Raumati South,athenree,3958,820000,20,71
Raumati South,burleigh,374,820000,20,71
Raumati South,tamaterau,492,820000,20,71
Raumati South,paremata,2625,820000,20,71
Raumati South,maunu,3789,820000,20,71
Raumati South,lower-hutt,1361,820000,20,71
Remuera,remuera,1962,-,148,-
Flat Bush,flat-bush,69,-,320,-
Epsom,epsom,1142,-,98,-
Browns Bay,browns-bay,2336,-,57,-
Auckland Central,auckland-central,3095,-,519,-
Papakowhai,papakowhai,23,837500,6,38
Papakowhai,maia,2724,837500,6,38
Papakowhai,grandview-heights,2762,837500,6,38
Papakowhai,waikanae-beach,801,837500,6,38
Papakowhai,wigram,2118,837500,6,38
Papakowhai,nukuhau,528,837500,6,38
Papakowhai,silverstream,1856,837500,6,38
Papakowhai,whalers-gate,6,837500,6,38
Papakowhai,takanini,2919,837500,6,38
Papakowhai,kirwee,1930,837500,6,38
Papakowhai,ruakaka,1897,837500,6,38
Papakowhai,camborne,2333,837500,6,38
Papakowhai,westshore,3985,837500,6,38
Papakowhai,chartwell,486,837500,6,38
Papakowhai,massey,2767,837500,6,38
Papakowhai,belmont,2500,837500,6,38
Papakowhai,pukerua-bay,416,837500,6,38
Papakowhai,thornbury,3899,837500,6,38
Papakowhai,hamurana,1483,837500,6,38
Papakowhai,tihiotonga,1731,837500,6,38
Remuera,remuera,1962,-,148,-
Flat Bush,flat-bush,69,-,320,-
Epsom,epsom,1142,-,98,-
Browns Bay,browns-bay,2336,-,57,-
Auckland Central,auckland-central,3095,-,519,-
Sefton,sefton,3225,850000,15,21
Sefton,belmont,2500,850000,15,21
Sefton,thornbury,3899,850000,15,21
Sefton,newtown,2244,850000,15,21
Sefton,waikite-valley,1759,850000,15,21
Sefton,ilam,116,850000,15,21
Sefton,purau,2156,850000,15,21
Sefton,riverlea,2752,850000,15,21
Sefton,hannahs-bay,1634,850000,15,21
Sefton,kaiaua,1133,850000,15,21
Sefton,rosewill,1609,850000,15,21
Sefton,beerescourt,2937,850000,15,21
Sefton,ngunguru,3013,850000,15,21
Sefton,lincoln,4130,850000,15,21
Sefton,springston,2618,850000,15,21
Sefton,beachville,3156,850000,15,21
Sefton,the-cove,75,850000,15,21
Sefton,makara,4106,850000,15,21
Sefton,pahurehure,1590,850000,15,21
Sefton,northland,2782,850000,15,21
Remuera,remuera,1962,-,148,-
Flat Bush,flat-bush,69,-,320,-
Epsom,epsom,1142,-,98,-
Browns Bay,browns-bay,2336,-,57,-
Auckland Central,auckland-central,3095,-,519,-
Roxburgh East,roxburgh-east,4191,862500,1,4
Roxburgh East,havelock-north,3979,862500,1,4
Roxburgh East,greytown,4226,862500,1,4
Roxburgh East,fitzherbert,4359,862500,1,4
Roxburgh East,kerikeri,120,862500,1,4
Roxburgh East,lynmore,2138,862500,1,4
Roxburgh East,omokoroa,1490,862500,1,4
Roxburgh East,vauxhall,2495,862500,1,4
Roxburgh East,huia,2384,862500,1,4
Roxburgh East,frankton,3816,862500,1,4
Roxburgh East,wairau-valley,3807,862500,1,4
Roxburgh East,point-england,747,862500,1,4
Roxburgh East,clive,2681,862500,1,4
Roxburgh East,maori-hill,443,862500,1,4
Roxburgh East,chedworth,3012,862500,1,4
Roxburgh East,marshland,1797,862500,1,4
Roxburgh East,normandale,3205,862500,1,4
Roxburgh East,ngaio,2071,862500,1,4
Roxburgh East,glenbervie,3784,862500,1,4
Roxburgh East,company-bay,3922,862500,1,4
Remuera,remuera,1962,-,148,-
Flat Bush,flat-bush,69,-,320,-
Epsom,epsom,1142,-,98,-
Browns Bay,browns-bay,2336,-,57,-
Auckland Central,auckland-central,3095,-,519,-
Berhampore,berhampore,1430,881000,1,32
Berhampore,mount-wellington,2583,881000,1,32
Berhampore,stanmore-bay,1915,881000,1,32
Berhampore,paekakariki,4097,881000,1,32
Berhampore,motukarara,4125,881000,1,32
Berhampore,helensville,803,881000,1,32
Berhampore,western-heights,2581,881000,1,32
Berhampore,hadlow,4150,881000,1,32
Berhampore,marybank,1981,881000,1,32
Berhampore,te-atatu-peninsula,905,881000,1,32
Berhampore,northwood,2182,881000,1,32
Berhampore,otaua,2571,881000,1,32
Berhampore,kingseat,907,881000,1,32
Berhampore,totara-park,206,881000,1,32
Berhampore,one-tree-point,142,881000,1,32
Berhampore,poroti,745,881000,1,32
Berhampore,peacocke,10280,881000,1,32
Berhampore,rongotai,1702,881000,1,32
Berhampore,whitby,898,881000,1,32
Berhampore,paengaroa,401,881000,1,32
Remuera,remuera,1962,-,148,-
Flat Bush,flat-bush,69,-,320,-
Epsom,epsom,1142,-,98,-
Browns Bay,browns-bay,2336,-,57,-
Auckland Central,auckland-central,3095,-,519,-
Pongakawa,pongakawa,169,897000,3,14
Pongakawa,alfriston,2607,897000,3,14
Pongakawa,glendene,2622,897000,3,14
Pongakawa,otumoetai,2019,897000,3,14
Pongakawa,takamatua,689,897000,3,14
Pongakawa,kingsley-heights,3190,897000,3,14
Pongakawa,cromwell,4186,897000,3,14
Pongakawa,myross-bush,3887,897000,3,14
Pongakawa,totara-heights,1289,897000,3,14
Pongakawa,wairau-valley,30,897000,3,14
Pongakawa,frimley,796,897000,3,14
Pongakawa,moncks-bay,1600,897000,3,14
Pongakawa,glenbrook,2230,897000,3,14
Pongakawa,te-pahu,4074,897000,3,14
Pongakawa,clevedon,3837,897000,3,14
Pongakawa,cust,1834,897000,3,14
Pongakawa,maungatapere,2144,897000,3,14
Pongakawa,ruakura,3082,897000,3,14
Pongakawa,east-tamaki,2245,897000,3,14
Pongakawa,pokeno,2421,897000,3,14
Remuera,remuera,1962,-,148,-
Flat Bush,flat-bush,69,-,320,-
Epsom,epsom,1142,-,98,-
Browns Bay,browns-bay,2336,-,57,-
Auckland Central,auckland-central,3095,-,519,-
Pokeno,pokeno,2421,915000,100,242
Pokeno,rotoorangi,2637,915000,100,242
Pokeno,wharewaka,1652,915000,100,242
Pokeno,moana-lake-brunner,3709,915000,100,242
Pokeno,parua-bay,268,915000,100,242
Pokeno,avondale,153,915000,100,242
Pokeno,queenwood,1117,915000,100,242
Pokeno,drift-bay,10273,915000,100,242
Pokeno,papamoa,3954,915000,100,242
Pokeno,rangatira-park,4360,915000,100,242
Pokeno,akaroa,4122,915000,100,242
Pokeno,martinborough,4227,915000,100,242
Pokeno,te-awa,2367,915000,100,242
Pokeno,mount-victoria,1093,915000,100,242
Pokeno,bayview,1839,915000,100,242
Pokeno,pukemoremore,2924,915000,100,242
Pokeno,eastbourne,4102,915000,100,242
Pokeno,conifer-grove,3033,915000,100,242
Pokeno,matarau,4321,915000,100,242
Pokeno,tauranga-central,1045,915000,100,242
Remuera,remuera,1962,-,148,-
Flat Bush,flat-bush,69,-,320,-
Epsom,epsom,1142,-,98,-
Browns Bay,browns-bay,2336,-,57,-
Auckland Central,auckland-central,3095,-,519,-
Birkdale,birkdale,817,927500,34,186
Birkdale,gordonton,705,927500,34,186
Birkdale,brighton,3915,927500,34,186
Birkdale,karori,406,927500,34,186
Birkdale,rosedale,3149,927500,34,186
Birkdale,drury,1665,927500,34,186
Birkdale,okitu,1599,927500,34,186
Birkdale,russell,1720,927500,34,186
Birkdale,east-taieri,1942,927500,34,186
Birkdale,glen-avon,623,927500,34,186
Birkdale,pakuranga,168,927500,34,186
Birkdale,wainui,4126,927500,34,186
Birkdale,harewood,1327,927500,34,186
Birkdale,spencerville,4255,927500,34,186
Birkdale,gulf-harbour,3180,927500,34,186
Birkdale,riverstone-terraces,2400,927500,34,186
Birkdale,brooklyn,2647,927500,34,186
Birkdale,waterview,2155,927500,34,186
Birkdale,otakiri,2805,927500,34,186
Birkdale,luggate,1344,927500,34,186
Remuera,remuera,1962,-,148,-
Flat Bush,flat-bush,69,-,320,-
Epsom,epsom,1142,-,98,-
Browns Bay,browns-bay,2336,-,57,-
Auckland Central,auckland-central,3095,-,519,-
Aokautere,aokautere,2774,945000,12,5
Aokautere,rototuna,1090,945000,12,5
Aokautere,clarks-beach,1234,945000,12,5
Aokautere,cambridge,4073,945000,12,5
Aokautere,oruanui,4357,945000,12,5
Aokautere,kawakawa-bay,315,945000,12,5
Aokautere,northcote,2363,945000,12,5
Aokautere,mount-roskill,589,945000,12,5
Aokautere,hillpark,4287,945000,12,5
Aokautere,wattle-downs,2323,945000,12,5
Aokautere,arkles-bay,3224,945000,12,5
Aokautere,hatfields-beach,1392,945000,12,5
Aokautere,laingholm,1202,945000,12,5
Aokautere,matua,2263,945000,12,5
Aokautere,governors-bay,4123,945000,12,5
Aokautere,bunnythorpe,629,945000,12,5
Aokautere,baverstock,2042,945000,12,5
Aokautere,ferrymead,1561,945000,12,5
Aokautere,miramar,2577,945000,12,5
Aokautere,ohauiti,215,945000,12,5
Remuera,remuera,1962,-,148,-
Flat Bush,flat-bush,69,-,320,-
Epsom,epsom,1142,-,98,-
Browns Bay,browns-bay,2336,-,57,-
Auckland Central,auckland-central,3095,-,519,-
Lake Tekapo,lake-tekapo,4112,953582,18,51
Lake Tekapo,horohoro,3963,953582,18,51
Lake Tekapo,pyes-pa,127,953582,18,51
Lake Tekapo,waipu,2171,953582,18,51
Lake Tekapo,mangawhai-heads,835,953582,18,51
Lake Tekapo,hurdon,436,953582,18,51
Lake Tekapo,totara-vale,2521,953582,18,51
Lake Tekapo,onehunga,2899,953582,18,51
Lake Tekapo,port-albert,2543,953582,18,51
Lake Tekapo,aidanfield,4284,953582,18,51
Lake Tekapo,waimairi-beach,2424,953582,18,51
Lake Tekapo,rototuna-north,2553,953582,18,51
Lake Tekapo,panmure,1983,953582,18,51
Lake Tekapo,okuku,4121,953582,18,51
Lake Tekapo,melrose,603,953582,18,51
Lake Tekapo,meeanee,1002,953582,18,51
Lake Tekapo,atawhai,3296,953582,18,51
Lake Tekapo,bethells-beach,77,953582,18,51
Lake Tekapo,coastlands,455,953582,18,51
Lake Tekapo,lyall-bay,4105,953582,18,51
Remuera,remuera,1962,-,148,-
Flat Bush,flat-bush,69,-,320,-
Epsom,epsom,1142,-,98,-
Browns Bay,browns-bay,2336,-,57,-
Auckland Central,auckland-central,3095,-,519,-
Coastlands,coastlands,455,975000,7,37
Coastlands,mangawhai,28,975000,7,37
Coastlands,southgate,549,975000,7,37
Coastlands,te-kowhai,524,975000,7,37
Coastlands,beach-haven,2959,975000,7,37
Coastlands,oteha,2096,975000,7,37
Coastlands,shelly-beach,4313,975000,7,37
Coastlands,ohope,3948,975000,7,37
Coastlands,vogeltown,2392,975000,7,37
Coastlands,matapouri,2669,975000,7,37
Coastlands,akatarawa,4099,975000,7,37
Coastlands,grenada-village,2766,975000,7,37
Coastlands,goodwood-heights,606,975000,7,37
Coastlands,highland-park,496,975000,7,37
Coastlands,thornton-bay,830,975000,7,37
Coastlands,karamu,10269,975000,7,37
Coastlands,army-bay,2881,975000,7,37
Coastlands,woburn,1785,975000,7,37
Coastlands,onemana,857,975000,7,37
Coastlands,whangarei-heads,3791,975000,7,37
Remuera,remuera,1962,-,148,-
Flat Bush,flat-bush,69,-,320,-
Epsom,epsom,1142,-,98,-
Browns Bay,browns-bay,2336,-,57,-
Auckland Central,auckland-central,3095,-,519,-
Glenfield,glenfield,2630,1000000,83,352
Glenfield,onemana,857,1000000,83,352
Glenfield,whangarei-heads,3791,1000000,83,352
Glenfield,waihola,3906,1000000,83,352
Glenfield,harrowfield,1175,1000000,83,352
Glenfield,puketaha,2339,1000000,83,352
Glenfield,waiatarua,2838,1000000,83,352
Glenfield,pakuranga-heights,1417,1000000,83,352
Glenfield,makarau,320,1000000,83,352
Glenfield,upper-plain,4231,1000000,83,352
Glenfield,karaka,3227,1000000,83,352
Glenfield,fernhillsunshine-bay,3811,1000000,83,352
Glenfield,lytton-west,4328,1000000,83,352
Glenfield,whareora,1230,1000000,83,352
Glenfield,hataitai,867,1000000,83,352
Glenfield,churton-park,428,1000000,83,352
Glenfield,whenuapai,103,1000000,83,352
Glenfield,mount-maunganui,2734,1000000,83,352
Glenfield,te-teko,3952,1000000,83,352
Glenfield,parau,1541,1000000,83,352
Remuera,remuera,1962,-,148,-
Flat Bush,flat-bush,69,-,320,-
Epsom,epsom,1142,-,98,-
Browns Bay,browns-bay,2336,-,57,-
Auckland Central,auckland-central,3095,-,519,-
Island Bay,island-bay,208,1025000,9,123
Island Bay,crofton-downs,2977,1025000,9,123
Island Bay,hobsonville,1185,1025000,9,123
Island Bay,westmorland,889,1025000,9,123
Island Bay,tutukaka,2688,1025000,9,123
Island Bay,highbury,3210,1025000,9,123
Island Bay,west-eyreton,4116,1025000,9,123
Island Bay,raglan,4084,1025000,9,123
Island Bay,bayswater,2708,1025000,9,123
Island Bay,titirangi,119,1025000,9,123
Island Bay,te-mata,3861,1025000,9,123
Island Bay,outram,3924,1025000,9,123
Island Bay,henderson-valley,1204,1025000,9,123
Island Bay,mangatawhiri,2870,1025000,9,123
Island Bay,warkworth,3842,1025000,9,123
Island Bay,aongatete,2826,1025000,9,123
Island Bay,wainui,2434,1025000,9,123
Island Bay,west-melton,2578,1025000,9,123
Island Bay,waipahihi,4356,1025000,9,123
Island Bay,tuahiwi,306,1025000,9,123
Remuera,remuera,1962,-,148,-
Flat Bush,flat-bush,69,-,320,-
Epsom,epsom,1142,-,98,-
Browns Bay,browns-bay,2336,-,57,-
Auckland Central,auckland-central,3095,-,519,-
Huntington,huntington,921,1043000,11,115
Huntington,huntington-park,464,1043000,11,115
Huntington,poraiti,3988,1043000,11,115
Huntington,manakau,4053,1043000,11,115
Huntington,whakatiwai,626,1043000,11,115
Huntington,snells-beach,323,1043000,11,115
Huntington,loburn,4144,1043000,11,115
Huntington,flagstaff,2436,1043000,11,115
Huntington,bannockburn,3181,1043000,11,115
Huntington,glen-innes,639,1043000,11,115
Huntington,whangamata,1088,1043000,11,115
Huntington,west-harbour,1485,1043000,11,115
Huntington,albany-heights,959,1043000,11,115
Huntington,matakatia,615,1043000,11,115
Huntington,wairakei-and-surrounds,4043,1043000,11,115
Huntington,sumner,2235,1043000,11,115
Huntington,cashmere,266,1043000,11,115
Huntington,hauraki-surrounds,3853,1043000,11,115
Huntington,mangere-bridge,273,1043000,11,115
Huntington,pukehina,2489,1043000,11,115
Remuera,remuera,1962,-,148,-
Flat Bush,flat-bush,69,-,320,-
Epsom,epsom,1142,-,98,-
Browns Bay,browns-bay,2336,-,57,-
Auckland Central,auckland-central,3095,-,519,-
Ellerslie,ellerslie,906,1070000,37,183
Ellerslie,albany,2100,1070000,37,183
Ellerslie,wadestown,1125,1070000,37,183
Ellerslie,waitati,762,1070000,37,183
Ellerslie,winchmore,1969,1070000,37,183
Ellerslie,paerata,1831,1070000,37,183
Ellerslie,acacia-bay,46,1070000,37,183
Ellerslie,kaiwharawhara,82,1070000,37,183
Ellerslie,whangaripo,3116,1070000,37,183
Ellerslie,ormond,4298,1070000,37,183
Ellerslie,ohau,1341,1070000,37,183
Ellerslie,prebbleton,1095,1070000,37,183
Ellerslie,mill-road,3886,1070000,37,183
Ellerslie,campbells-beach,10271,1070000,37,183
Ellerslie,stillwater,2993,1070000,37,183
Ellerslie,huntsbury,471,1070000,37,183
Ellerslie,nelson-city,2186,1070000,37,183
Ellerslie,northcross,1698,1070000,37,183
Ellerslie,howick,470,1070000,37,183
Ellerslie,wainui,3028,1070000,37,183
Remuera,remuera,1962,-,148,-
Flat Bush,flat-bush,69,-,320,-
Epsom,epsom,1142,-,98,-
Browns Bay,browns-bay,2336,-,57,-
Auckland Central,auckland-central,3095,-,519,-
Blockhouse Bay,blockhouse-bay,2776,1100000,65,231
Blockhouse Bay,south-head,3843,1100000,65,231
Blockhouse Bay,ostend,3108,1100000,65,231
Blockhouse Bay,breaker-bay,173,1100000,65,231
Blockhouse Bay,botany-downs,2810,1100000,65,231
Blockhouse Bay,surfdale,63,1100000,65,231
Blockhouse Bay,swanson,232,1100000,65,231
Blockhouse Bay,orewa,3046,1100000,65,231
Blockhouse Bay,buckland,2180,1100000,65,231
Blockhouse Bay,piha,3844,1100000,65,231
Blockhouse Bay,kinloch,59,1100000,65,231
Blockhouse Bay,bethlehem,3162,1100000,65,231
Blockhouse Bay,ruby-bay,4309,1100000,65,231
Blockhouse Bay,burswood,2773,1100000,65,231
Blockhouse Bay,lynfield,3152,1100000,65,231
Blockhouse Bay,waitakere,2090,1100000,65,231
Blockhouse Bay,waihi-beach,3957,1100000,65,231
Blockhouse Bay,kumeu,669,1100000,65,231
Blockhouse Bay,green-bay,2972,1100000,65,231
Blockhouse Bay,mount-pleasant,821,1100000,65,231
Remuera,remuera,1962,-,148,-
Flat Bush,flat-bush,69,-,320,-
Epsom,epsom,1142,-,98,-
Browns Bay,browns-bay,2336,-,57,-
Auckland Central,auckland-central,3095,-,519,-
Torbay,torbay,1046,1132900,83,288
Torbay,khandallah,1758,1132900,83,288
Torbay,lowry-bay,2040,1132900,83,288
Torbay,the-gardens,3226,1132900,83,288
Torbay,birkenhead,2558,1132900,83,288
Torbay,unsworth-heights,1564,1132900,83,288
Torbay,red-beach,738,1132900,83,288
Torbay,pataua,2193,1132900,83,288
Torbay,ascot,4308,1132900,83,288
Torbay,ngahinapouri,2925,1132900,83,288
Torbay,aotea,2909,1132900,83,288
Torbay,ardmore,1025,1132900,83,288
Torbay,pukekawa,1984,1132900,83,288
Torbay,kaiteriteri,4179,1132900,83,288
Torbay,thornton,2976,1132900,83,288
Torbay,queenstown,1724,1132900,83,288
Torbay,new-windsor,1491,1132900,83,288
Torbay,mauku,167,1132900,83,288
Torbay,ness-valley,1829,1132900,83,288
Torbay,arthurs-point,2307,1132900,83,288
Remuera,remuera,1962,-,148,-
Flat Bush,flat-bush,69,-,320,-
Epsom,epsom,1142,-,98,-
Browns Bay,browns-bay,2336,-,57,-
Auckland Central,auckland-central,3095,-,519,-
Leigh,leigh,1032,1180000,18,20
Leigh,whatawhata,1398,1180000,18,20
Leigh,redcliffs,113,1180000,18,20
Leigh,sunnynook,1822,1180000,18,20
Leigh,huapai,4272,1180000,18,20
Leigh,upper-moutere,1560,1180000,18,20
Leigh,three-kings,341,1180000,18,20
Leigh,hillsborough,398,1180000,18,20
Leigh,okura-bush,10272,1180000,18,20
Leigh,tai-tapu,387,1180000,18,20
Leigh,rarangi,975,1180000,18,20
Leigh,milldale,10270,1180000,18,20
Leigh,mount-albert,960,1180000,18,20
Leigh,oratia,1295,1180000,18,20
Leigh,styx,185,1180000,18,20
Leigh,eureka,1884,1180000,18,20
Leigh,onetangi,2204,1180000,18,20
Leigh,silverdale,596,1180000,18,20
Leigh,hurworth,4017,1180000,18,20
Leigh,te-horo,4094,1180000,18,20
Remuera,remuera,1962,-,148,-
Flat Bush,flat-bush,69,-,320,-
Epsom,epsom,1142,-,98,-
Browns Bay,browns-bay,2336,-,57,-
Auckland Central,auckland-central,3095,-,519,-
Kaukapakapa,kaukapakapa,1734,1215000,36,51
Kaukapakapa,tawharanui-peninsula,672,1215000,36,51
Kaukapakapa,patumahoe,1675,1215000,36,51
Kaukapakapa,maymorn,733,1215000,36,51
Kaukapakapa,strowan,1362,1215000,36,51
Kaukapakapa,waiwhakaiho,4369,1215000,36,51
Kaukapakapa,days-bay,1696,1215000,36,51
Kaukapakapa,queenstown-hill,4336,1215000,36,51
Kaukapakapa,tindalls-beach,1100,1215000,36,51
Kaukapakapa,algies-bay,1583,1215000,36,51
Kaukapakapa,long-bay,888,1215000,36,51
Kaukapakapa,cooks-beach,3864,1215000,36,51
Kaukapakapa,hexton,1866,1215000,36,51
Kaukapakapa,tauwhare,1081,1215000,36,51
Kaukapakapa,merivale,2720,1215000,36,51
Kaukapakapa,mapua,4181,1215000,36,51
Kaukapakapa,royal-oak,3010,1215000,36,51
Kaukapakapa,saint-johns,397,1215000,36,51
Kaukapakapa,lake-tarawera,1966,1215000,36,51
Remuera,remuera,1962,-,148,-
Flat Bush,flat-bush,69,-,320,-
Epsom,epsom,1142,-,98,-
Browns Bay,browns-bay,2336,-,57,-
Auckland Central,auckland-central,3095,-,519,-
Hillcrest,hillcrest,509,1250000,33,149
Hillcrest,lake-tarawera,1966,1250000,33,149
Hillcrest,pauatahanui,2820,1250000,33,149
Hillcrest,forrest-hill,1194,1250000,33,149
Hillcrest,hunua,1479,1250000,33,149
Hillcrest,mangatangi,553,1250000,33,149
Hillcrest,one-tree-hill,239,1250000,33,149
Hillcrest,fernside,4258,1250000,33,149
Hillcrest,te-miro,2716,1250000,33,149
Hillcrest,somerville,11,1250000,33,149
Hillcrest,swannanoa,3232,1250000,33,149
Hillcrest,pukekohe-east,3045,1250000,33,149
Hillcrest,whitemans-valley,1976,1250000,33,149
Hillcrest,redwood-valley,1184,1250000,33,149
Hillcrest,windsor-park,2644,1250000,33,149
Hillcrest,stepneyville,1420,1250000,33,149
Hillcrest,peka-peka,2990,1250000,33,149
Hillcrest,roseneath,902,1250000,33,149
Hillcrest,queensberry,4294,1250000,33,149
Remuera,remuera,1962,-,148,-
Flat Bush,flat-bush,69,-,320,-
Epsom,epsom,1142,-,98,-
Browns Bay,browns-bay,2336,-,57,-
Auckland Central,auckland-central,3095,-,519,-
Taupaki,taupaki,155,1300000,15,11
Taupaki,whakamarama,2941,1300000,15,11
Taupaki,ohaupo,3230,1300000,15,11
Taupaki,burnham,3019,1300000,15,11
Taupaki,half-moon-bay,2044,1300000,15,11
Taupaki,narrow-neck,1816,1300000,15,11
Taupaki,morningside,4302,1300000,15,11
Taupaki,kaipara-flats,3841,1300000,15,11
Taupaki,freemans-bay,1454,1300000,15,11
Taupaki,kingsland,843,1300000,15,11
Taupaki,kaimai,3956,1300000,15,11
Taupaki,rotokauri,1216,1300000,15,11
Taupaki,tikitere,1733,1300000,15,11
Taupaki,clifton,314,1300000,15,11
Taupaki,puni,1472,1300000,15,11
Taupaki,golflands,2819,1300000,15,11
Taupaki,oropi,1881,1300000,15,11
Taupaki,wairoa,392,1300000,15,11
Taupaki,albert-town,2188,1300000,15,11
Taupaki,hawea-flat,3820,1300000,15,11
Remuera,remuera,1962,-,148,-
Flat Bush,flat-bush,69,-,320,-
Epsom,epsom,1142,-,98,-
Browns Bay,browns-bay,2336,-,57,-
Auckland Central,auckland-central,3095,-,519,-
Hawea Flat,hawea-flat,3820,1350000,3,3
Hawea Flat,wanaka,2869,1350000,3,3
Hawea Flat,newstead,866,1350000,3,3
Hawea Flat,milford,203,1350000,3,3
Hawea Flat,karaka-bays,2352,1350000,3,3
Hawea Flat,waimauku,1166,1350000,3,3
Hawea Flat,cockle-bay,722,1350000,3,3
Hawea Flat,mission-bay,1342,1350000,3,3
Hawea Flat,mahurangi-east,3146,1350000,3,3
Hawea Flat,tauriko,2378,1350000,3,3
Hawea Flat,bucklands-beach,2787,1350000,3,3
Hawea Flat,stonefields,4253,1350000,3,3
Hawea Flat,waiake,1457,1350000,3,3
Hawea Flat,belmont,1545,1350000,3,3
Hawea Flat,waiotaiki-bay,4312,1350000,3,3
Hawea Flat,puhoi,3187,1350000,3,3
Hawea Flat,northpark,1232,1350000,3,3
Hawea Flat,kennedys-bush,2685,1350000,3,3
Hawea Flat,pauanui,655,1350000,3,3
Hawea Flat,judgeford,661,1350000,3,3
Remuera,remuera,1962,-,148,-
Flat Bush,flat-bush,69,-,320,-
Epsom,epsom,1142,-,98,-
Browns Bay,browns-bay,2336,-,57,-
Auckland Central,auckland-central,3095,-,519,-
Pauanui,pauanui,655,1400000,24,13
Pauanui,rukuhia,2626,1400000,24,13
Pauanui,judgeford,661,1400000,24,13
Pauanui,mangaroa,653,1400000,24,13
Pauanui,kelburn,1269,1400000,24,13
Pauanui,mission-heights,4305,1400000,24,13
Pauanui,hope,3198,1400000,24,13
Pauanui,sandringham,2212,1400000,24,13
Pauanui,riverhead,2428,1400000,24,13
Pauanui,chatswood,2001,1400000,24,13
Pauanui,beachlands,360,1400000,24,13
Pauanui,paremoremo,2962,1400000,24,13
Pauanui,millwater,4331,1400000,24,13
Pauanui,greenlane,1132,1400000,24,13
Pauanui,shelly-park,1540,1400000,24,13
Pauanui,lower-shotover,4316,1400000,24,13
Pauanui,jacks-point,3812,1400000,24,13
Pauanui,rothesay-bay,241,1400000,24,13
Pauanui,meadowbank,1506,1400000,24,13
Pauanui,ararimu,783,1400000,24,13
Remuera,remuera,1962,-,148,-
Flat Bush,flat-bush,69,-,320,-
Epsom,epsom,1142,-,98,-
Browns Bay,browns-bay,2336,-,57,-
Auckland Central,auckland-central,3095,-,519,-
Grey Lynn,grey-lynn,677,1500000,74,229
Grey Lynn,takapuna,144,1500000,74,229
Grey Lynn,clarkville,1174,1500000,74,229
Grey Lynn,mount-eden,1840,1500000,74,229
Grey Lynn,seatoun,2183,1500000,74,229
Grey Lynn,parnell,3838,1500000,74,229
Grey Lynn,fairview-heights,2073,1500000,74,229
Grey Lynn,hauraki,3068,1500000,74,229
Grey Lynn,lucas-heights,1305,1500000,74,229
Grey Lynn,pakiri,2357,1500000,74,229
Grey Lynn,fendalton,3249,1500000,74,229
Grey Lynn,bombay,408,1500000,74,229
Grey Lynn,dannemora,726,1500000,74,229
Grey Lynn,karapiro,4301,1500000,74,229
Grey Lynn,tamahere,1870,1500000,74,229
Grey Lynn,murrays-bay,2313,1500000,74,229
Grey Lynn,fairhall,3801,1500000,74,229
Grey Lynn,waiau-pa,2147,1500000,74,229
Grey Lynn,oneroa,3239,1500000,74,229
Grey Lynn,matangi,4303,1500000,74,229
Remuera,remuera,1962,-,148,-
Flat Bush,flat-bush,69,-,320,-
Epsom,epsom,1142,-,98,-
Browns Bay,browns-bay,2336,-,57,-
Auckland Central,auckland-central,3095,-,519,-
Greenhithe,greenhithe,624,1602000,37,111
Greenhithe,mairangi-bay,717,1602000,37,111
Greenhithe,waiheke-island,986,1602000,37,111
Greenhithe,point-chevalier,1503,1602000,37,111
Greenhithe,saint-marys-bay,823,1602000,37,111
Greenhithe,western-springs,2444,1602000,37,111
Greenhithe,northcote-point,584,1602000,37,111
Greenhithe,schnapper-rock,1843,1602000,37,111
Greenhithe,devonport,2285,1602000,37,111
Greenhithe,eastern-beach,468,1602000,37,111
Greenhithe,east-tamaki-heights,938,1602000,37,111
Greenhithe,pinehill,947,1602000,37,111
Greenhithe,puketapu,3987,1602000,37,111
Greenhithe,shamrock-park,2951,1602000,37,111
Greenhithe,campbells-bay,2938,1602000,37,111
Greenhithe,tairua,3856,1602000,37,111
Greenhithe,matakana,3840,1602000,37,111
Greenhithe,te-puna,1178,1602000,37,111
Greenhithe,muriwai,2875,1602000,37,111
Remuera,remuera,1962,-,148,-
Flat Bush,flat-bush,69,-,320,-
Epsom,epsom,1142,-,98,-
Browns Bay,browns-bay,2336,-,57,-
Auckland Central,auckland-central,3095,-,519,-
Castor Bay,castor-bay,873,1770000,22,71
Castor Bay,herald-island,3233,1770000,22,71
Castor Bay,saint-heliers,89,1770000,22,71
Castor Bay,sandspit,517,1770000,22,71
Castor Bay,kelvin-heights,2247,1770000,22,71
Castor Bay,kohimarama,245,1770000,22,71
Castor Bay,closeburn,3810,1770000,22,71
Castor Bay,runciman,1161,1770000,22,71
Castor Bay,farm-cove,2003,1770000,22,71
Castor Bay,mahurangi-west,1880,1770000,22,71
Castor Bay,orakei,737,1770000,22,71
Castor Bay,glendowie,3027,1770000,22,71
Castor Bay,palm-beach,696,1770000,22,71
Castor Bay,mellons-bay,2876,1770000,22,71
Castor Bay,ti-point,1693,1770000,22,71
Castor Bay,stanley-point,3151,1770000,22,71
Castor Bay,waitahanui,141,1770000,22,71
Castor Bay,horsham-downs,1274,1770000,22,71
Castor Bay,brookby,1171,1770000,22,71
Remuera,remuera,1962,-,148,-
Flat Bush,flat-bush,69,-,320,-
Epsom,epsom,1142,-,98,-
Browns Bay,browns-bay,2336,-,57,-
Auckland Central,auckland-central,3095,-,519,-
Herne Bay,herne-bay,1850,2100000,22,59
Herne Bay,waitoki,2229,2100000,22,59
Herne Bay,arrowtown,1596,2100000,22,59
Herne Bay,okura,1461,2100000,22,59
Herne Bay,nevis,4192,2100000,22,59
Herne Bay,westmere,1718,2100000,22,59
Herne Bay,point-wells,444,2100000,22,59
Herne Bay,ponsonby,3236,2100000,22,59
Herne Bay,coatesville,1366,2100000,22,59
Herne Bay,dairy-flat,1212,2100000,22,59
Herne Bay,whitford,1406,2100000,22,59
Herne Bay,omaha,3007,2100000,22,59
Herne Bay,dalefieldwakatipu-basin,4285,2100000,22,59
Herne Bay,treble-conemount-aspiring,3821,2100000,22,59
Herne Bay,te-arai,1480,2100000,22,59
